"","Date","Latitude","Longitude","Speed","forw_accel","hori_accel","vert_accel_G","speedbump","vert_accel","vert_accel_ratio_speed","sq_vert_accel_ratio_speed","vert_jolt","vert_jolt_ratio_speed","sq_vert_jolt_ratio_speed","vert_jolt_mean","vert_jolt_sd","vert_jolt_min","vert_jolt_max","vert_jolt_range"
"1",2017-09-10 10:41:41,34.019606,-118.290387,1.26,0.061111,0.097855,-1.052109,"no",-0.052109,-0.0413563492063492,0.00215503800079365,0,0,0,0,0,0,0,0
"2",2017-09-10 10:41:41,34.019606,-118.290387,1.26,0.084412,0.034332,-0.990005,"no",0.00999499999999998,0.00793253968253966,7.92857341269837e-05,0.0621039999999999,0.0492888888888888,0.00306103715555555,0,0,0,0,0
"3",2017-09-10 10:41:41,34.019606,-118.290387,1.26,0.07666,0.050888,-0.987228,"no",0.012772,0.0101365079365079,0.000129463479365079,0.00277700000000003,0.00220396825396828,6.12041984126997e-06,0.0120362,0.0376736376024402,-0.0378879999999999,0.0621039999999999,0.0999919999999999
"4",2017-09-10 10:41:41,34.019606,-118.290387,1.26,0.065475,0.049957,-1.025116,"no",-0.0251159999999999,-0.0199333333333333,0.000500645599999997,-0.0378879999999999,-0.0300698412698412,0.00113928614603174,0.0108888,0.0382153299567071,-0.0378879999999999,0.0621039999999999,0.0999919999999999
"5",2017-09-10 10:41:42,34.019603,-118.290375,0.94,0.06308,0.03157,-0.991928,"no",0.00807199999999997,0.00858723404255316,6.93161531914888e-05,0.0331879999999999,0.0353063829787233,0.00117174823829786,-0.000860599999999989,0.0254221117985898,-0.0378879999999999,0.0331879999999999,0.0710759999999998
"6",2017-09-10 10:41:42,34.019603,-118.290375,0.94,0.104736,0.023392,-0.997665,"no",0.00233499999999998,0.00248404255319146,5.80023936170201e-06,-0.00573699999999999,-0.00610319148936169,3.5014009574468e-05,-0.00430619999999999,0.0259674850283965,-0.0378879999999999,0.0331879999999999,0.0710759999999998
"7",2017-09-10 10:41:42,34.019603,-118.290375,0.94,0.09079,0.039459,-0.994308,"no",0.00569200000000003,0.0060553191489362,3.44668765957451e-05,0.00335700000000005,0.00357127659574474,1.19887755319153e-05,0.00156559999999999,0.0188078819062647,-0.014451,0.0331879999999999,0.0476389999999999
"8",2017-09-10 10:41:42,34.019603,-118.290375,0.94,0.089569,0.051132,-1.008759,"no",-0.00875899999999996,-0.00931808510638294,8.16171074468078e-05,-0.014451,-0.0153734042553191,0.000222161064893617,-0.00194400000000001,0.0117417181451438,-0.014451,0.0156399999999999,0.0300909999999999
"9",2017-09-10 10:41:42,34.019603,-118.290375,0.94,0.06868,0.042725,-1.017288,"no",-0.017288,-0.0183914893617021,0.000317952068085105,-0.00852900000000001,-0.00907340425531916,7.73870648936172e-05,0.000918400000000008,0.0123163267981976,-0.014451,0.0156399999999999,0.0300909999999999
"10",2017-09-10 10:41:42,34.019603,-118.290375,0.94,0.076248,0.020279,-1.001648,"no",-0.00164800000000009,-0.0017531914893618,2.88925957446841e-06,0.0156399999999999,0.0166382978723403,0.0002602229787234,4.88000000000044e-05,0.0122544445080142,-0.014451,0.0156399999999999,0.0300909999999999
"11",2017-09-10 10:41:42,34.019603,-118.290375,0.94,0.043503,0.020126,-0.993073,"no",0.00692700000000002,0.00736914893617023,5.10460946808513e-05,0.00857500000000011,0.00912234042553203,7.82240691489382e-05,0.00147399999999998,0.0104242312906036,-0.00852900000000001,0.0156399999999999,0.0241689999999999
"12",2017-09-10 10:41:42,34.019603,-118.290375,0.94,0.04924,0.02536,-0.994064,"no",0.00593600000000005,0.00631489361702133,3.7485208510639e-05,-0.000990999999999964,-0.0010542553191489,1.04476702127652e-06,0.00236499999999999,0.00950538376395187,-0.00732500000000014,0.0156399999999999,0.022965
"13",2017-09-10 10:41:42,34.019603,-118.290375,0.94,0.065063,0.04007,-1.001389,"no",-0.00138900000000008,-0.00147765957446818,2.05246914893642e-06,-0.00732500000000014,-0.00779255319148951,5.70804521276617e-05,-0.000314399999999981,0.00610947254679165,-0.00732500000000014,0.00857500000000011,0.0159000000000002
"14",2017-09-10 10:41:42,34.019603,-118.290375,0.94,0.041107,0.050888,-1.005463,"no",-0.005463,-0.00581170212765957,3.17493287234042e-05,-0.00407399999999991,-0.0043340425531914,1.76568893617014e-05,-0.002661,0.00356491900328749,-0.00732500000000014,0.00224299999999999,0.00956800000000013
"15",2017-09-10 10:41:43,34.019599,-118.290363,0.98,0.02623,0.027893,-1.00322,"no",-0.00322,-0.00328571428571429,1.058e-05,0.00224299999999999,0.00228877551020408,5.13372346938773e-06,-0.00364380000000002,0.0036653699267605,-0.00732500000000014,0.00224299999999999,0.00956800000000013
"16",2017-09-10 10:41:43,34.019599,-118.290363,0.98,0.015503,0.027008,-1.006378,"no",-0.00637799999999999,-0.00650816326530612,4.15090653061224e-05,-0.00315799999999999,-0.00322244897959183,1.0176493877551e-05,0.00184340000000001,0.0106528425455368,-0.00590500000000005,0.020111,0.026016
"17",2017-09-10 10:41:43,34.019599,-118.290363,0.98,0.012222,0.037399,-1.012283,"no",-0.012283,-0.0125336734693878,0.000153951111224491,-0.00590500000000005,-0.00602551020408168,3.55806377551026e-05,0.000494400000000006,0.011938948479661,-0.0108189999999999,0.020111,0.0309299999999999
"18",2017-09-10 10:41:43,34.019599,-118.290363,0.98,0.030823,0.048706,-0.992172,"no",0.00782799999999995,0.00798775510204076,6.25281469387747e-05,0.020111,0.0205214285714286,0.00041270645,0.00232239999999999,0.0129320343643218,-0.0108189999999999,0.020111,0.0309299999999999
"19",2017-09-10 10:41:43,34.019599,-118.290363,0.98,0.024109,0.027145,-1.002991,"no",-0.00299099999999997,-0.0030520408163265,9.12865408163244e-06,-0.0108189999999999,-0.0110397959183673,0.000119439552040814,0.000286799999999987,0.0146916848999698,-0.013336,0.020111,0.033447
"20",2017-09-10 10:41:43,34.019599,-118.290363,0.98,0.019333,0.029236,-0.991608,"no",0.00839199999999996,0.0085632653061224,7.18629224489788e-05,0.0113829999999999,0.0116153061224489,0.000132217029591835,0.0025512,0.014367719450212,-0.013336,0.020111,0.033447
"21",2017-09-10 10:41:43,34.019599,-118.290363,0.98,0.041718,0.016205,-1.004944,"no",-0.00494400000000006,-0.00504489795918373,2.49419755102047e-05,-0.013336,-0.0136081632653061,0.000181478465306123,-0.0033204,0.0110022493518371,-0.013336,0.0113829999999999,0.0247189999999999
"22",2017-09-10 10:41:43,34.019599,-118.290363,0.98,0.01152,0.045593,-0.999527,"no",0.000472999999999946,0.000482653061224434,2.28294897959131e-07,0.00541700000000001,0.00552755102040817,2.99427438775511e-05,0.00163579999999999,0.0122864836181879,-0.013336,0.013962,0.027298
"23",2017-09-10 10:41:43,34.019599,-118.290363,0.98,0.030914,0.034927,-1.008774,"no",-0.00877400000000006,-0.00895306122448986,7.85541591836745e-05,-0.00924700000000001,-0.00943571428571429,8.72520500000001e-05,0.0024354,0.0131772202417657,-0.013336,0.015381,0.028717
"24",2017-09-10 10:41:43,34.019599,-118.290363,0.98,0.103928,0.048172,-0.994812,"no",0.00518799999999997,0.00529387755102038,2.74646367346936e-05,0.013962,0.0142469387755102,0.000198915759183674,0.00716260000000002,0.00994911188498753,-0.00924700000000001,0.015381,0.024628
"25",2017-09-10 10:41:44,34.019594,-118.290354,0.4,0.139633,0.025452,-0.979431,"no",0.0205689999999999,0.0514224999999999,0.00105770940249999,0.015381,0.0384524999999999,0.000591437902499998,0.000116000000000005,0.0194424547704245,-0.0298160000000001,0.015381,0.045197
"26",2017-09-10 10:41:44,34.019594,-118.290354,0.4,0.122253,0.037399,-0.969131,"no",0.030869,0.0771725000000001,0.00238223790250001,0.0103000000000001,0.0257500000000002,0.000265225000000004,-0.00454099999999999,0.0244019675436224,-0.032532,0.015381,0.047913
"27",2017-09-10 10:41:44,34.019594,-118.290354,0.4,0.109299,0.02652,-0.998947,"no",0.00105299999999997,0.00263249999999993,2.77202249999985e-06,-0.0298160000000001,-0.0745400000000002,0.00222248464000001,0.0020294,0.0333951655004134,-0.032532,0.046814,0.079346
"28",2017-09-10 10:41:44,34.019594,-118.290354,0.4,0.150513,0.027451,-1.031479,"no",-0.031479,-0.0786975000000001,0.00247731860250001,-0.032532,-0.08133,0.00264582756,-0.00381479999999998,0.033029333859465,-0.032532,0.046814,0.079346
"29",2017-09-10 10:41:44,34.019594,-118.290354,0.4,0.09523,0.044861,-0.984665,"no",0.015335,0.0383375,0.000587905562499999,0.046814,0.117035,0.00547887649,-0.00171520000000001,0.0344538398614726,-0.032532,0.046814,0.079346
"30",2017-09-10 10:41:44,34.019594,-118.290354,0.4,0.155273,0.026154,-0.998505,"no",0.00149500000000002,0.00373750000000006,5.58756250000018e-06,-0.01384,-0.0345999999999999,0.000478863999999997,0.00100100000000001,0.0321424534066708,-0.032532,0.046814,0.079346
"31",2017-09-10 10:41:44,34.019594,-118.290354,0.4,0.107025,0.042084,-0.977707,"no",0.022293,0.0557325,0.0012424446225,0.020798,0.051995,0.00108139201,0.00965280000000002,0.0261171113199756,-0.016235,0.046814,0.063049
"32",2017-09-10 10:41:44,34.019594,-118.290354,0.4,0.144653,0.01416,-0.993942,"no",0.00605800000000001,0.015145,9.17484100000002e-05,-0.016235,-0.0405875,0.0006589380625,-0.000912399999999991,0.0160835936065296,-0.016235,0.020798,0.037033
"33",2017-09-10 10:41:44,34.019594,-118.290354,0.4,0.131729,0.027649,-0.983215,"no",0.016785,0.0419625000000001,0.000704340562500004,0.010727,0.0268175000000001,0.000287671322500002,0.00201119999999999,0.0143851082616712,-0.016235,0.020798,0.037033
"34",2017-09-10 10:41:44,34.019594,-118.290354,0.4,0.166199,0.032257,-0.989227,"no",0.010773,0.0269325000000001,0.000290143822500002,-0.00601200000000002,-0.01503,9.03603600000005e-05,-0.0022888,0.00987032115485612,-0.016235,0.010727,0.026962
"35",2017-09-10 10:41:45,34.019592,-118.290346,0.94,0.1978,0.034714,-0.988449,"no",0.011551,0.0122882978723404,0.000141942128723404,0.000777999999999945,0.000827659574468027,6.4391914893608e-07,0.003363,0.00775142715891728,-0.00601200000000002,0.012024,0.0180360000000001
"36",2017-09-10 10:41:45,34.019592,-118.290346,0.94,0.237946,0.025681,-0.989151,"no",0.010849,0.0115414893617021,0.000125213618085106,-0.00070199999999998,-0.000746808510638277,5.24259574468056e-07,0.00315239999999999,0.00751193974949215,-0.00601200000000002,0.012024,0.0180360000000001
"37",2017-09-10 10:41:45,34.019592,-118.290346,0.94,0.281906,0.024475,-0.977127,"no",0.022873,0.0243329787234043,0.000556568222340427,0.012024,0.0127914893617022,0.000153804868085107,-0.00335400000000001,0.0204245825905941,-0.038544,0.012024,0.0505680000000001
"38",2017-09-10 10:41:45,34.019592,-118.290346,0.94,0.289047,0.034256,-0.967453,"no",0.032547,0.0346244680851064,0.00112692256276596,0.00967399999999996,0.0102914893617021,9.95598680851056e-05,-0.00207219999999999,0.0209432476994377,-0.038544,0.012024,0.0505680000000001
"39",2017-09-10 10:41:45,34.019592,-118.290346,0.94,0.315262,0.037704,-1.005997,"no",-0.00599700000000003,-0.00637978723404259,3.82595840425536e-05,-0.038544,-0.041004255319149,0.00158046801702128,0.0096406,0.0341275583627074,-0.038544,0.057862,0.096406
"40",2017-09-10 10:41:45,34.019592,-118.290346,0.94,0.314697,0.006577,-0.99881,"no",0.00119000000000002,0.00126595744680854,1.50648936170219e-06,0.00718700000000005,0.00764574468085112,5.49499670212774e-05,0.0063598,0.0346259994252873,-0.038544,0.057862,0.096406
"41",2017-09-10 10:41:45,34.019592,-118.290346,0.94,0.254684,-0.029434,-0.940948,"no",0.059052,0.0628212765957447,0.00370972202553191,0.057862,0.0615553191489361,0.00356171387659574,-0.00342100000000001,0.0399529881360581,-0.0392300000000001,0.057862,0.0970920000000001
"42",2017-09-10 10:41:45,34.019592,-118.290346,0.94,0.264496,-0.077133,-0.945328,"no",0.0546720000000001,0.0581617021276596,0.00317981657872341,-0.00437999999999994,-0.00465957446808504,2.04089361702122e-05,0.00614620000000001,0.0348400046814004,-0.0392300000000001,0.057862,0.0970920000000001
"43",2017-09-10 10:41:45,34.019592,-118.290346,0.94,0.261597,0.039963,-0.984558,"no",0.015442,0.016427659574468,0.000253675919148935,-0.0392300000000001,-0.0417340425531916,0.00163722648936171,0.00939639999999999,0.0357085696549162,-0.0392300000000001,0.057862,0.0970920000000001
"44",2017-09-10 10:41:45,34.019592,-118.290346,0.94,0.288803,0.05307,-0.975266,"no",0.024734,0.0263127659574468,0.000650819953191491,0.00929200000000008,0.00988510638297881,9.18524085106398e-05,-0.00890519999999999,0.0270619603354968,-0.0392300000000001,0.023438,0.0626680000000001
"45",2017-09-10 10:41:46,34.019592,-118.290346,0.94,0.220779,-0.033936,-0.951828,"no",0.048172,0.0512468085106383,0.00246866125957447,0.023438,0.0249340425531914,0.0005844040893617,-0.0013916,0.0331605485298419,-0.0392300000000001,0.033188,0.0724180000000001
"46",2017-09-10 10:41:46,34.019588,-118.290336,0.94,0.236923,0.006989,-0.985474,"no",0.014526,0.0154531914893617,0.000224473059574469,-0.033646,-0.0357936170212765,0.00120431203829787,-0.00786439999999997,0.0438338757903063,-0.0715939999999999,0.033188,0.104782
"47",2017-09-10 10:41:46,34.019588,-118.290336,0.94,0.242035,0.080338,-0.952286,"no",0.047714,0.0507595744680851,0.00242194233617022,0.033188,0.0353063829787234,0.00117174823829787,-0.00825800000000001,0.043649758006202,-0.0715939999999999,0.033188,0.104782
"48",2017-09-10 10:41:46,34.019588,-118.290336,0.94,0.188507,0.031921,-1.02388,"no",-0.0238799999999999,-0.0254042553191488,0.000606653617021272,-0.0715939999999999,-0.076163829787234,0.00545287322978722,0.000869800000000009,0.0551830763024317,-0.0715939999999999,0.0690770000000001,0.140671
"49",2017-09-10 10:41:46,34.019588,-118.290336,0.94,0.199142,-0.063629,-1.016556,"no",-0.016556,-0.0176127659574468,0.00029159695319149,0.00732399999999989,0.00779148936170201,5.70648680851046e-05,0.0012146,0.0549182458368801,-0.0715939999999999,0.0690770000000001,0.140671
"50",2017-09-10 10:41:46,34.019588,-118.290336,0.94,0.226273,0.018402,-0.947479,"no",0.052521,0.0558734042553192,0.00293452706489362,0.0690770000000001,0.073486170212766,0.00507620417978724,-0.020935,0.0608156441633236,-0.0775600000000001,0.0690770000000001,0.146637
"51",2017-09-10 10:41:46,34.019588,-118.290336,0.94,0.215515,0.027679,-0.979401,"no",0.020599,0.0219138297872341,0.000451402979787236,-0.031922,-0.0339595744680851,0.00108405753617021,0.00714119999999998,0.0639071754007326,-0.0775600000000001,0.0690770000000001,0.146637
"52",2017-09-10 10:41:46,34.019588,-118.290336,0.94,0.192032,0.093018,-1.056961,"no",-0.056961,-0.0605968085106383,0.00345165480957447,-0.0775600000000001,-0.0825106382978724,0.00639952510638299,0.0035706,0.0643913132751616,-0.0775600000000001,0.0690770000000001,0.146637
"53",2017-09-10 10:41:46,34.019588,-118.290336,0.94,0.181061,0.048157,-0.988174,"no",0.011826,0.0125808510638298,0.000148781144680851,0.068787,0.0731776595744681,0.00503367166914894,-0.0343476,0.0715924489055934,-0.120514,0.068787,0.189301
"54",2017-09-10 10:41:46,34.019588,-118.290336,0.94,0.221298,-0.034103,-0.998703,"no",0.00129699999999999,0.00137978723404255,1.78958404255317e-06,-0.010529,-0.0112010638297872,0.00011793600106383,-0.0374328,0.0717938881987875,-0.120514,0.068787,0.189301
"55",2017-09-10 10:41:47,34.019566,-118.290304,3.46,0.220978,0.029739,-1.119217,"no",-0.119217,-0.0344557803468208,0.00410771476560693,-0.120514,-0.0348306358381503,0.00419757924739884,0.0268158,0.139098829390114,-0.120514,0.243683,0.364197
"56",2017-09-10 10:41:47,34.019566,-118.290304,3.46,0.079102,0.05304,-1.166565,"no",-0.166565,-0.0481401734104046,0.00801846798410405,-0.0473480000000002,-0.0136843930635839,0.000647928642774571,0.017868,0.13714928072542,-0.120514,0.243683,0.364197
"57",2017-09-10 10:41:47,34.019566,-118.290304,3.46,0.1745,0.02066,-0.922882,"no",0.077118,0.0222884393063584,0.00171883986242775,0.243683,0.070428612716763,0.017162255632659,0.009372,0.1406200112484,-0.120514,0.243683,0.364197
"58",2017-09-10 10:41:47,34.019566,-118.290304,3.46,0.172089,-0.003922,-0.898834,"no",0.101166,0.0292387283236994,0.00295796518959537,0.024048,0.00695028901734103,0.000167140550289017,0.040326,0.120472030087901,-0.053009,0.243683,0.296692
"59",2017-09-10 10:41:47,34.019566,-118.290304,3.46,0.141281,-0.014267,-0.951843,"no",0.048157,0.0139182080924856,0.000670259147109827,-0.053009,-0.0153205202312139,0.000812125456936415,0.0278718,0.134234195899182,-0.109619,0.243683,0.353302
"60",2017-09-10 10:41:47,34.019566,-118.290304,3.46,0.193634,-0.012894,-0.917587,"no",0.082413,0.0238187861271676,0.00196297762109826,0.034256,0.00990057803468207,0.000339154201156068,-0.0361572,0.0630233705993261,-0.109619,0.034256,0.143875
"61",2017-09-10 10:41:47,34.019566,-118.290304,3.46,0.144104,0.05101,-1.027206,"no",-0.0272060000000001,-0.00786300578034684,0.000213920935260117,-0.109619,-0.0316817919075145,0.00347292634710983,-0.018161,0.0911039151985248,-0.109619,0.114029,0.223648
"62",2017-09-10 10:41:47,34.019566,-118.290304,3.46,0.210953,0.073273,-1.103668,"no",-0.103668,-0.0299618497109827,0.00310608503583816,-0.076462,-0.0220988439306358,0.00168972180462428,0.00354000000000001,0.0936162338993617,-0.109619,0.114029,0.223648
"63",2017-09-10 10:41:47,34.019566,-118.290304,3.46,0.265579,0.007187,-0.989639,"no",0.010361,0.00299450867052022,3.10261043352598e-05,0.114029,0.0329563583815029,0.0037579805898844,-0.00876779999999999,0.0926082771230521,-0.109619,0.114029,0.223648
"64",2017-09-10 10:41:47,34.019566,-118.290304,3.46,0.122391,-0.017715,-0.934143,"no",0.0658570000000001,0.0190338150289018,0.00125350995635838,0.0554960000000001,0.0160393063583815,0.000890117345664743,-0.00495299999999999,0.0876768988531187,-0.090545,0.114029,0.204574
"65",2017-09-10 10:41:48,34.019547,-118.290261,4.72,0.306152,-0.039062,-0.961426,"no",0.038574,0.00817245762711864,0.000315244380508475,-0.0272830000000001,-0.0057802966101695,0.000157703832415255,0.0186524,0.0790779157970163,-0.090545,0.114029,0.204574
"66",2017-09-10 10:41:48,34.019547,-118.290261,4.72,0.280365,0.110672,-1.051971,"no",-0.051971,-0.0110108050847458,0.000572242551059322,-0.090545,-0.0191832627118644,0.00173694852224576,0.00308220000000001,0.0612608403770304,-0.090545,0.0554960000000001,0.146041
"67",2017-09-10 10:41:48,34.019547,-118.290261,4.72,0.23204,0.009933,-1.010406,"no",-0.0104059999999999,-0.00220466101694913,2.29417025423725e-05,0.0415650000000001,0.00880614406779663,0.000366027378177967,-0.0102936,0.053802968568658,-0.090545,0.0415650000000001,0.13211
"68",2017-09-10 10:41:48,34.019547,-118.290261,4.72,0.190201,0.011948,-0.974228,"no",0.025772,0.00546016949152543,0.000140719488135593,0.0361779999999999,0.00766483050847456,0.000277298238135592,-0.011917,0.0545608655035823,-0.090545,0.0415650000000001,0.13211
"69",2017-09-10 10:41:48,34.019547,-118.290261,4.72,0.176331,0.047028,-0.985611,"no",0.014389,0.00304851694915254,4.38651103813558e-05,-0.011383,-0.00241165254237289,2.74518408898307e-05,0.0203826,0.0429427115271031,-0.0353999999999999,0.0709529999999999,0.106353
"70",2017-09-10 10:41:48,34.019547,-118.290261,4.72,0.211777,0.078278,-1.021011,"no",-0.0210109999999999,-0.00445148305084743,9.3530110381355e-05,-0.0353999999999999,-0.00749999999999997,0.000265499999999998,-0.00347600000000003,0.0585387429101445,-0.0777280000000001,0.0709529999999999,0.148681
"71",2017-09-10 10:41:48,34.019547,-118.290261,4.72,0.241409,0.03923,-0.950058,"no",0.049942,0.0105809322033898,0.000528432916101696,0.0709529999999999,0.0150324152542373,0.0010665949595339,-0.00544740000000001,0.0570156274393258,-0.0777280000000001,0.0709529999999999,0.148681
"72",2017-09-10 10:41:48,34.019547,-118.290261,4.72,0.213638,0.032822,-1.027786,"no",-0.0277860000000001,-0.00588686440677968,0.000163572414406781,-0.0777280000000001,-0.0164677966101695,0.00128000889491526,-0.00698240000000001,0.0573178921655359,-0.0777280000000001,0.0709529999999999,0.148681
"73",2017-09-10 10:41:48,34.019547,-118.290261,4.72,0.146759,0.063416,-1.001465,"no",-0.00146500000000005,-0.000310381355932214,4.54708686440709e-07,0.026321,0.00557648305084747,0.000146778610381356,0.000256199999999973,0.0550732994626253,-0.0777280000000001,0.0709529999999999,0.148681
"74",2017-09-10 10:41:48,34.019547,-118.290261,4.72,0.158829,0.037094,-1.020523,"no",-0.0205230000000001,-0.004348093220339,8.92359171610176e-05,-0.019058,-0.00403771186440678,7.69507127118646e-05,-0.00180960000000001,0.0518583873476606,-0.0777280000000001,0.060624,0.138352
"75",2017-09-10 10:41:49,34.019522,-118.290194,6.38,0.129044,0.005005,-1.01973,"no",-0.01973,-0.00309247648902822,6.10145611285268e-05,0.000793000000000044,0.000124294670846402,9.85656739812021e-08,0.019342,0.0301952674685951,-0.019058,0.060624,0.079682
"76",2017-09-10 10:41:49,34.019522,-118.290194,6.38,0.184006,0.001892,-0.959106,"no",0.040894,0.00640971786833856,0.000262119002507837,0.060624,0.00950219435736677,0.000576061030721003,-0.00141299999999998,0.0519950136070758,-0.0774539999999999,0.060624,0.138078
"77",2017-09-10 10:41:49,34.019522,-118.290194,6.38,0.20137,0.07695,-0.931076,"no",0.068924,0.0108031347962382,0.000744595262695924,0.02803,0.00439341692789969,0.000123147476489028,0.00208120000000003,0.0510919828417336,-0.0774539999999999,0.060624,0.138078
"78",2017-09-10 10:41:49,34.019522,-118.290194,6.38,0.057434,0.0961,-1.00853,"no",-0.00852999999999993,-0.00133699059561127,1.14045297805641e-05,-0.0774539999999999,-0.0121401253918495,0.000940301272100311,-0.0093016,0.0574011297563036,-0.0774539999999999,0.060624,0.138078
"79",2017-09-10 10:41:49,34.019522,-118.290194,6.38,0.187912,-0.086578,-1.010117,"no",-0.0101169999999999,-0.00158573667711598,1.60428979623822e-05,-0.00158700000000001,-0.000248746081504703,3.94760031347965e-07,0.000451599999999996,0.073996690150979,-0.0774539999999999,0.10939,0.186844
"80",2017-09-10 10:41:49,34.019522,-118.290194,6.38,0.250748,-0.015427,-1.066238,"no",-0.066238,-0.010382131661442,0.000687691636990596,-0.0561210000000001,-0.00879639498432603,0.000493662482915362,-0.0117402,0.0733357637629826,-0.0774539999999999,0.10939,0.186844
"81",2017-09-10 10:41:49,34.019522,-118.290194,6.38,0.200027,0.023956,-0.956848,"no",0.043152,0.00676363636363636,0.000291864436363636,0.10939,0.0171457680250784,0.00187557556426332,0.00995799999999998,0.0645562988793503,-0.0561210000000001,0.10939,0.165511
"82",2017-09-10 10:41:49,34.019522,-118.290194,6.38,0.18425,-0.030594,-0.989777,"no",0.010223,0.00160235109717868,1.63808352664576e-05,-0.032929,-0.00516128526645768,0.000169955962539185,-0.0013916,0.0716879394026638,-0.0583349999999999,0.10939,0.167725
"83",2017-09-10 10:41:49,34.019522,-118.290194,6.38,0.200256,0.073822,-0.95874,"no",0.04126,0.00646708463949843,0.000266831912225705,0.031037,0.00486473354231975,0.000150986734952978,0.0119812,0.0648352238694369,-0.0583349999999999,0.10939,0.167725
"84",2017-09-10 10:41:49,34.019522,-118.290194,6.38,0.181229,0.046326,-1.017075,"no",-0.017075,-0.00267633228840125,4.56983738244512e-05,-0.0583349999999999,-0.00914341692789967,0.000533381226489027,-0.00490119999999998,0.0389544296608229,-0.0583349999999999,0.031037,0.0893719999999999
"85",2017-09-10 10:41:50,34.019522,-118.290194,6.38,0.149689,0.019379,-1.006332,"no",-0.006332,-0.000992476489028214,6.28436112852665e-06,0.0107429999999999,0.00168385579937303,1.80896628526644e-05,0.000436400000000003,0.0358593711015684,-0.0583349999999999,0.031037,0.0893719999999999
"86",2017-09-10 10:41:50,34.019495,-118.290133,6.37,0.204437,0.078232,-0.981354,"no",0.0186460000000001,0.00292715855572999,5.45797984301416e-05,0.0249780000000001,0.00392119309262167,9.79435610675044e-05,0.0026856,0.0385130649624254,-0.0583349999999999,0.042283,0.100618
"87",2017-09-10 10:41:50,34.019495,-118.290133,6.37,0.130051,0.073486,-0.987595,"no",0.012405,0.00194740973312402,2.41576177394034e-05,-0.00624100000000005,-0.000979748822605974,6.11461240188393e-06,0.0163606,0.0182247780590053,-0.00624100000000005,0.042283,0.048524
"88",2017-09-10 10:41:50,34.019495,-118.290133,6.37,0.203598,0.021286,-0.945312,"no",0.054688,0.00858524332810046,0.000469509787127158,0.042283,0.00663783359497645,0.000280667517896389,-0.0122406,0.0694547406251006,-0.132263,0.042283,0.174546
"89",2017-09-10 10:41:50,34.019495,-118.290133,6.37,0.164169,0.009567,-0.935272,"no",0.064728,0.0101613814756672,0.000657725900156986,0.01004,0.00157613814756673,1.582442700157e-05,-0.0244628,0.0665855759695746,-0.132263,0.042283,0.174546
"90",2017-09-10 10:41:50,34.019495,-118.290133,6.37,0.132904,0.05452,-1.067535,"no",-0.0675349999999999,-0.0106020408163265,0.00071600882653061,-0.132263,-0.0207634222919937,0.00274623252260596,0.00882879999999999,0.10720015985156,-0.132263,0.160217,0.29248
"91",2017-09-10 10:41:50,34.019495,-118.290133,6.37,0.203659,0.046478,-1.103668,"no",-0.103668,-0.0162744113029827,0.00168713567095762,-0.0361330000000002,-0.00567237048665623,0.000204959762794351,-0.0102388,0.108235912991946,-0.132263,0.160217,0.29248
"92",2017-09-10 10:41:50,34.019495,-118.290133,6.37,0.143463,-0.02124,-0.943451,"no",0.056549,0.00887739403453689,0.000502007755259026,0.160217,0.0251518053375196,0.00402974679576138,-0.0148712,0.107645063645297,-0.132263,0.160217,0.29248
"93",2017-09-10 10:41:50,34.019495,-118.290133,6.37,0.196182,0.006531,-0.996506,"no",0.003494,0.000548508634222919,1.91648916797488e-06,-0.053055,-0.00832888540031397,0.000441889014913657,0.0108642,0.0857099846499812,-0.053055,0.160217,0.213272
"94",2017-09-10 10:41:50,34.019495,-118.290133,6.37,0.138229,0.120911,-1.009628,"no",-0.00962799999999997,-0.00151145996860282,1.45523365777079e-05,-0.013122,-0.00205996860282574,2.70309080062793e-05,0.0303986,0.0834206816461002,-0.053055,0.160217,0.213272
"95",2017-09-10 10:41:51,34.019461,-118.29005,8.15,0.12561,0.066727,-1.013214,"no",-0.0132140000000001,-0.00162134969325154,2.1424514846626e-05,-0.00358600000000009,-0.000440000000000011,1.57784000000008e-06,-0.00124819999999999,0.0411796979675665,-0.053055,0.061539,0.114594
"96",2017-09-10 10:41:51,34.019461,-118.29005,8.15,0.098312,0.043747,-0.951675,"no",0.048325,0.00592944785276073,0.000286540567484662,0.061539,0.00755079754601227,0.000464668530184049,0.0157716,0.030655864827142,-0.013122,0.061539,0.074661
"97",2017-09-10 10:41:51,34.019461,-118.29005,8.15,0.12265,-0.029755,-0.949692,"no",0.050308,0.00617276073619632,0.000310539247116565,0.00198300000000007,0.000243312883435591,4.82489447852794e-07,-0.00545360000000001,0.0687423357204278,-0.119248,0.061539,0.180787
"98",2017-09-10 10:41:51,34.019461,-118.29005,8.15,0.144989,0.040314,-0.917648,"no",0.082352,0.0101045398773006,0.00083212906797546,0.032044,0.00393177914110429,0.000125989930797546,0.0050354,0.0729697023859903,-0.119248,0.061539,0.180787
"99",2017-09-10 10:41:51,34.019461,-118.29005,8.15,0.140671,0.026917,-1.036896,"no",-0.036896,-0.00452711656441718,0.000167032492760737,-0.119248,-0.0146316564417178,0.00174479576736196,-0.0093294,0.0657811339085912,-0.119248,0.048859,0.168107
"100",2017-09-10 10:41:51,34.019461,-118.29005,8.15,0.226379,0.070129,-0.988037,"no",0.0119629999999999,0.00146785276073619,1.7559922576687e-05,0.048859,0.00599496932515337,0.000292908206257669,0.00267040000000001,0.0733927784070068,-0.119248,0.0619820000000001,0.18123
"101",2017-09-10 10:41:51,34.019461,-118.29005,8.15,0.164948,0.081192,-0.998322,"no",0.00167799999999996,0.000205889570552142,3.45482699386486e-07,-0.010285,-0.00126196319018405,1.29792914110429e-05,0.0041504,0.0742033303989787,-0.119248,0.0619820000000001,0.18123
"102",2017-09-10 10:41:51,34.019461,-118.29005,8.15,0.166016,-0.007431,-0.93634,"no",0.06366,0.00781104294478528,0.000497250993865031,0.0619820000000001,0.00760515337423314,0.000471382616441719,0.00818800000000002,0.0658943234391248,-0.0990599999999999,0.0619820000000001,0.161042
"103",2017-09-10 10:41:51,34.019461,-118.29005,8.15,0.16507,0.012207,-0.896896,"no",0.103104,0.0126507975460123,0.00130434783018405,0.0394439999999999,0.00483975460122698,0.000190899280490797,-0.044867,0.114112782912345,-0.216416,0.0619820000000001,0.278398
"104",2017-09-10 10:41:51,34.019461,-118.29005,8.15,0.059296,0.041931,-0.995956,"no",0.00404400000000005,0.000496196319018411,2.00661791411048e-06,-0.0990599999999999,-0.0121546012269939,0.00120403479754601,0.01167,0.184097244422615,-0.216416,0.2724,0.488816
"105",2017-09-10 10:41:52,34.019431,-118.289964,8.92,0.075989,0.145432,-1.212372,"no",-0.212372,-0.0238085201793722,0.00505626304753363,-0.216416,-0.0242618834080718,0.00525065975964126,-0.0141084,0.184314996093101,-0.216416,0.2724,0.488816
"106",2017-09-10 10:41:52,34.019431,-118.289964,8.92,0.110138,0.095596,-0.939972,"no",0.060028,0.00672959641255605,0.000403964213452914,0.2724,0.0305381165919283,0.00831858295964126,-0.045636,0.186335769453962,-0.216416,0.2724,0.488816
"107",2017-09-10 10:41:52,34.019431,-118.289964,8.92,0.090607,0.03154,-1.006882,"no",-0.00688200000000005,-0.000771524663677136,5.30963273542609e-06,-0.06691,-0.00750112107623319,0.000501900011210763,-0.00103160000000002,0.196752173585961,-0.216416,0.2724,0.488816
"108",2017-09-10 10:41:52,34.019431,-118.289964,8.92,0.141235,0.143723,-1.125076,"no",-0.125076,-0.0140219730941704,0.00175381230672646,-0.118194,-0.0132504484304933,0.00156612350179372,0.0560486,0.15577773396349,-0.118194,0.2724,0.390594
"109",2017-09-10 10:41:52,34.019431,-118.289964,8.92,0.152618,0.02504,-1.001114,"no",-0.00111400000000006,-0.000124887892376688,1.39125112107638e-07,0.123962,0.0138970852017937,0.00172271047578475,-0.018274,0.108103886833453,-0.118194,0.123962,0.242156
"110",2017-09-10 10:41:52,34.019431,-118.289964,8.92,0.105499,-0.034515,-0.932129,"no",0.067871,0.00760885650224215,0.000516420699663677,0.0689850000000001,0.00773374439461884,0.000533512357062781,-0.0015288,0.10513044323934,-0.118194,0.123962,0.242156
"111",2017-09-10 10:41:52,34.019431,-118.289964,8.92,0.130447,0.038528,-1.031342,"no",-0.031342,-0.00351367713004484,0.000110125668609865,-0.099213,-0.011122533632287,0.00110349992926009,0.0374908,0.0853491793850415,-0.099213,0.123962,0.223175
"112",2017-09-10 10:41:52,34.019431,-118.289964,8.92,0.154785,0.024429,-1.014526,"no",-0.014526,-0.00162847533632287,2.36552327354261e-05,0.0168159999999999,0.00188520179372197,3.17015533632285e-05,0.00903320000000001,0.071984375788778,-0.099213,0.0769040000000001,0.176117
"113",2017-09-10 10:41:52,34.019431,-118.289964,8.92,0.139191,0.01033,-0.937622,"no",0.062378,0.00699304932735427,0.000436212430941705,0.0769040000000001,0.00862152466367714,0.000663029732735427,-0.0162994,0.0677762203859141,-0.099213,0.0769040000000001,0.176117
"114",2017-09-10 10:41:52,34.019431,-118.289964,8.92,0.149628,-0.063034,-0.955948,"no",0.044052,0.00493856502242152,0.000217553666367713,-0.0183260000000001,-0.00205448430493274,3.76504793721976e-05,-0.00655200000000002,0.0552104611645294,-0.0576779999999999,0.0769040000000001,0.134582
"115",2017-09-10 10:41:53,34.019392,-118.289882,9.31,0.061829,0.067551,-1.013626,"no",-0.0136259999999999,-0.00146358754027926,1.99428438238451e-05,-0.0576779999999999,-0.00619527389903329,0.000357331007948441,0.0147552,0.0810120084012241,-0.0576779999999999,0.123352,0.18103
"116",2017-09-10 10:41:53,34.019392,-118.289882,9.31,0.170319,0.022003,-1.064102,"no",-0.0641020000000001,-0.00688528464017187,0.000441360516004298,-0.0504760000000002,-0.00542169709989261,0.00027366558281418,-0.0109254,0.076618309846929,-0.0576779999999999,0.123352,0.18103
"117",2017-09-10 10:41:53,34.019392,-118.289882,9.31,0.120956,0.017334,-0.94075,"no",0.05925,0.00636412459720731,0.000377074382384533,0.123352,0.0132494092373792,0.0016343411282492,-0.012732,0.0769422460778213,-0.0576779999999999,0.123352,0.18103
"118",2017-09-10 10:41:53,34.019392,-118.289882,9.31,0.142227,0.009537,-0.992249,"no",0.00775099999999995,0.000832545649838878,6.4530613319011e-06,-0.0514990000000001,-0.00553157894736843,0.000284870784210527,0.00655219999999999,0.0749175676774147,-0.0514990000000001,0.123352,0.174851
"119",2017-09-10 10:41:53,34.019392,-118.289882,9.31,0.049454,0.051254,-1.019608,"no",-0.0196080000000001,-0.0021061224489796,4.12968489795921e-05,-0.027359,-0.00293866809881848,8.03990205155748e-05,0.031192,0.0716612312272124,-0.0514990000000001,0.123352,0.174851
"120",2017-09-10 10:41:53,34.019392,-118.289882,9.31,0.093765,0.024536,-0.980865,"no",0.019135,0.00205531686358754,3.93284881847476e-05,0.0387430000000001,0.00416143931256714,0.000161226643286789,-0.010614,0.0651301607628908,-0.085678,0.072723,0.158401
"121",2017-09-10 10:41:53,34.019392,-118.289882,9.31,0.149811,0.009247,-0.908142,"no",0.091858,0.00986659505907626,0.000906325688936627,0.072723,0.00781127819548872,0.000568059584210526,8.24000000000158e-05,0.060997515693674,-0.085678,0.072723,0.158401
"122",2017-09-10 10:41:53,34.019392,-118.289882,9.31,0.069016,0.145187,-0.99382,"no",0.00617999999999996,0.000663802363050479,4.10229860365194e-06,-0.085678,-0.00920279269602578,0.000788476872610097,0.0115876,0.0599437074912789,-0.085678,0.072723,0.158401
"123",2017-09-10 10:41:53,34.019392,-118.289882,9.31,0.143936,0.053162,-0.991837,"no",0.00816300000000003,0.000876799140708918,7.15731138560693e-06,0.00198300000000007,0.000212996777658439,4.22372610096699e-07,0.0110626,0.0596572269746089,-0.085678,0.072723,0.158401
"124",2017-09-10 10:41:53,34.019392,-118.289882,9.31,0.123978,-0.005707,-0.96167,"no",0.03833,0.00411707841031149,0.000157807615467239,0.0301669999999999,0.00324027926960257,9.77495047261006e-05,-0.0343018,0.0827989193329236,-0.154099,0.036118,0.190217
"125",2017-09-10 10:41:54,34.019392,-118.289882,9.31,0.151443,-0.027542,-0.925552,"no",0.074448,0.00799656283566058,0.000595328109989258,0.036118,0.00387948442534908,0.000140119218474758,-0.000659199999999993,0.0905191214672347,-0.154099,0.0825349999999999,0.236634
"126",2017-09-10 10:41:54,34.019355,-118.289786,9.71,0.045731,0.134338,-1.079651,"no",-0.0796509999999999,-0.00820298661174046,0.000653376086611739,-0.154099,-0.0158701338825952,0.00244557176117404,0.0206422,0.10297167551662,-0.154099,0.10849,0.262589
"127",2017-09-10 10:41:54,34.019355,-118.289786,9.71,0.221817,-0.059998,-0.997116,"no",0.002884,0.000297013388259526,8.56586611740472e-07,0.0825349999999999,0.00849999999999999,0.000701547499999999,0.0021668,0.10894921642536,-0.154099,0.10849,0.262589
"128",2017-09-10 10:41:54,34.019355,-118.289786,9.71,-0.069824,0.035629,-0.888626,"no",0.111374,0.0114700308959835,0.00127746322100927,0.10849,0.011173017507724,0.00121216066941298,-0.0476136,0.141545441782136,-0.212784,0.10849,0.321274
"129",2017-09-10 10:41:54,34.019355,-118.289786,9.71,0.163788,-0.020111,-0.950836,"no",0.049164,0.00506323377960865,0.00024892882554068,-0.06221,-0.00640679711637487,0.000398566848609681,0.0229736,0.161730054539347,-0.212784,0.198837,0.411621
"130",2017-09-10 10:41:54,34.019355,-118.289786,9.71,-0.021927,0.263748,-1.16362,"no",-0.16362,-0.0168506694129763,0.00275710652935119,-0.212784,-0.021913903192585,0.004662927976931,0.020758,0.160783221647969,-0.212784,0.198837,0.411621
"131",2017-09-10 10:41:54,34.019355,-118.289786,9.71,0.217178,0.084915,-0.964783,"no",0.0352170000000001,0.00362687950566427,0.000127727815550979,0.198837,0.0204775489186406,0.00407169439433574,0.000238000000000005,0.15315333742201,-0.212784,0.198837,0.411621
"132",2017-09-10 10:41:54,34.019355,-118.289786,9.71,0.021347,-0.046463,-0.893326,"no",0.106674,0.0109859938208033,0.00117191990484037,0.071457,0.00735911431513903,0.00052586023161689,-0.0267732,0.176977280843333,-0.212784,0.198837,0.411621
"133",2017-09-10 10:41:54,34.019355,-118.289786,9.71,-0.023514,0.00946,-0.887436,"no",0.112564,0.0115925849639547,0.0013049077338826,0.00588999999999995,0.000606591143151385,3.57282183316163e-06,0.0188568,0.143221019493299,-0.197266,0.198837,0.396103
"134",2017-09-10 10:41:54,34.019355,-118.289786,9.71,0.196411,0.050995,-1.084702,"no",-0.0847020000000001,-0.00872317198764161,0.00073887011369722,-0.197266,-0.0203157569515963,0.0040076081108136,-0.0103638,0.107859418532644,-0.197266,0.071457,0.268723
"135",2017-09-10 10:41:55,34.019355,-118.289786,9.71,0.004715,0.142853,-1.069336,"no",-0.0693360000000001,-0.00714067971163749,0.000495106168486098,0.015366,0.00158249227600412,2.43165763130793e-05,-0.000845200000000013,0.118464009569151,-0.197266,0.11905,0.316316
"136",2017-09-10 10:41:55,34.019304,-118.289703,9.85,0.124313,-0.010162,-1.016602,"no",-0.016602,-0.00168548223350254,2.79823760406092e-05,0.0527340000000001,0.00535370558375635,0.000282322310253808,-0.0275574,0.130964306907646,-0.197266,0.11905,0.316316
"137",2017-09-10 10:41:55,34.019304,-118.289703,9.85,0.009125,4.6e-05,-0.897552,"no",0.102448,0.0104008121827411,0.00106554240649746,0.11905,0.0120862944162437,0.00143887335025381,0.0135194,0.0903352180702521,-0.127671,0.11905,0.246721
"138",2017-09-10 10:41:55,34.019304,-118.289703,9.85,0.021149,0.052078,-1.025223,"no",-0.025223,-0.00256071065989848,6.45888049746193e-05,-0.127671,-0.0129615228426396,0.00165481058284264,0.0123748,0.0903422277990752,-0.127671,0.11905,0.246721
"139",2017-09-10 10:41:55,34.019304,-118.289703,9.85,0.050217,0.099487,-1.017105,"no",-0.0171049999999999,-0.00173654822335025,2.97036573604058e-05,0.00811800000000007,0.00082416243654823,6.69055065989859e-06,0.00138259999999999,0.0875029681342296,-0.127671,0.11905,0.246721
"140",2017-09-10 10:41:55,34.019304,-118.289703,9.85,0.073822,0.03801,-1.007462,"no",-0.00746200000000008,-0.000757563451776658,5.65293847715748e-06,0.00964299999999985,0.000978984771573588,9.44035015228396e-06,-0.0329652,0.0587501953375476,-0.127671,0.00964299999999985,0.137314
"141",2017-09-10 10:41:55,34.019304,-118.289703,9.85,0.036774,-0.033035,-1.009689,"no",-0.00968900000000006,-0.000983654822335031,9.53063157360418e-06,-0.00222699999999998,-0.000226091370558373,5.03505482233493e-07,-0.010086,0.0255321770908788,-0.052689,0.00964299999999985,0.0623319999999998
"142",2017-09-10 10:41:55,34.019304,-118.289703,9.85,0.013062,0.073212,-1.062378,"no",-0.062378,-0.00633279187817259,0.00039502689177665,-0.052689,-0.00534913705583756,0.000281840682335025,-0.002597,0.0356811163222229,-0.052689,0.045563,0.098252
"143",2017-09-10 10:41:55,34.019304,-118.289703,9.85,0.105988,0.056381,-1.075653,"no",-0.075653,-0.0076805076142132,0.000581053442538071,-0.0132749999999999,-0.0013477157360406,1.78909263959389e-05,0.0373994,0.102447996402077,-0.052689,0.209625,0.262314
"144",2017-09-10 10:41:55,34.019304,-118.289703,9.85,0.074463,0.028992,-1.03009,"no",-0.03009,-0.00305482233502538,9.19196040609134e-05,0.045563,0.00462568527918782,0.000210760098375635,0.011557,0.128042349845666,-0.131439,0.209625,0.341064
"145",2017-09-10 10:41:56,34.019261,-118.28961,9.85,0.049942,0.001419,-0.820465,"no",0.179535,0.0182269035532995,0.00327236712944162,0.209625,0.0212817258883249,0.0044611817893401,0.0103852,0.128801853974234,-0.131439,0.209625,0.341064
"146",2017-09-10 10:41:56,34.019261,-118.28961,9.85,-0.061234,-0.005753,-0.951904,"no",0.048096,0.00488284263959391,0.000234845199593909,-0.131439,-0.0133440609137056,0.00175393002243655,-0.00263059999999999,0.134932812589451,-0.131439,0.209625,0.341064
"147",2017-09-10 10:41:56,34.019261,-118.28961,9.85,0.046326,0.085693,-1.010452,"no",-0.0104519999999999,-0.00106111675126903,1.10907922842638e-05,-0.0585479999999999,-0.00594395939086294,0.000348006934416243,-0.00157480000000003,0.135423943557629,-0.131439,0.209625,0.341064
"148",2017-09-10 10:41:56,34.019261,-118.28961,9.85,0.017899,0.11116,-1.088806,"no",-0.0888059999999999,-0.00901583756345177,0.000800660470659897,-0.078354,-0.00795472081218274,0.000623284194517767,-0.0154724,0.109395772616221,-0.131439,0.140137,0.271576
"149",2017-09-10 10:41:56,34.019261,-118.28961,9.85,0.050934,0.05864,-1.037964,"no",-0.0379640000000001,-0.00385421319796955,0.000146321349847717,0.0508419999999998,0.00516162436548222,0.000262427305989846,0.00193779999999999,0.0918450115041639,-0.078354,0.140137,0.218491
"150",2017-09-10 10:41:56,34.019261,-118.28961,9.85,0.05719,-0.023331,-0.897827,"no",0.102173,0.0103728934010152,0.00105982963746193,0.140137,0.0142271065989848,0.00199374403746193,-0.00159000000000002,0.095032560291197,-0.078354,0.140137,0.218491
"151",2017-09-10 10:41:56,34.019261,-118.28961,9.85,0.043671,0.052475,-0.942215,"no",0.057785,0.00586649746192893,0.000338995555837563,-0.044388,-0.00450639593908629,0.000200029902944162,0.0388732,0.0972226700656797,-0.076187,0.140137,0.216324
"152",2017-09-10 10:41:56,34.019261,-118.28961,9.85,0.109131,0.139282,-1.018402,"no",-0.018402,-0.00186822335025381,3.43790460913707e-05,-0.076187,-0.00773472081218274,0.000589285174517767,0.0306672,0.097690326146963,-0.076187,0.140137,0.216324
"153",2017-09-10 10:41:56,34.019261,-118.28961,9.85,-0.046158,0.079971,-0.89444,"no",0.10556,0.0107167512690355,0.00113126026395939,0.123962,0.0125849746192893,0.00156005862375635,-0.036264,0.11672602449968,-0.194519,0.123962,0.318481
"154",2017-09-10 10:41:56,34.019261,-118.28961,9.85,0.023621,0.065765,-0.884628,"no",0.115372,0.0117128934010152,0.00135133993746193,0.00981200000000004,0.0009961421319797,9.77414659898486e-06,-0.0203644,0.120689810341636,-0.194519,0.123962,0.318481
"155",2017-09-10 10:41:57,34.019234,-118.289509,9.27,0.106995,0.149063,-1.079147,"no",-0.0791470000000001,-0.00853797195253507,0.000675754866127294,-0.194519,-0.0209837108953614,0.00408173045965481,0.0100494,0.122256218626293,-0.194519,0.123962,0.318481
"156",2017-09-10 10:41:57,34.019234,-118.289509,9.27,0.07048,0.077133,-1.044037,"no",-0.0440370000000001,-0.00475048543689322,0.000209197127184467,0.03511,0.00378748651564185,0.000132978651564185,-0.0187102,0.104364524270463,-0.194519,0.0758820000000001,0.270401
"157",2017-09-10 10:41:57,34.019234,-118.289509,9.27,0.0457,-0.035324,-0.968155,"no",0.031845,0.00343527508090615,0.000109396334951456,0.0758820000000001,0.00818576051779937,0.000621151879611652,-0.0183442,0.104492686438813,-0.194519,0.0758820000000001,0.270401
"158",2017-09-10 10:41:57,34.019234,-118.289509,9.27,-0.009918,0.11235,-0.987991,"no",0.012009,0.00129546925566344,1.55572902912623e-05,-0.019836,-0.00213980582524271,4.24451883495144e-05,0.0299376,0.0361841322792188,-0.019836,0.0758820000000001,0.0957180000000001
"159",2017-09-10 10:41:57,34.019234,-118.289509,9.27,0.062744,-0.052185,-0.976349,"no",0.023651,0.00255134843581445,6.03419418554476e-05,0.0116419999999999,0.00125587918015102,1.46209454153181e-05,0.01268,0.0507469919502624,-0.0511779999999999,0.0758820000000001,0.12706
"160",2017-09-10 10:41:57,34.019234,-118.289509,9.27,0.056534,0.023331,-0.929459,"no",0.070541,0.00760960086299892,0.000536788854476806,0.04689,0.00505825242718446,0.00023718145631068,-0.2352936,0.520431282696188,-1.163986,0.04689,1.210876
"161",2017-09-10 10:41:57,34.019234,-118.289509,9.27,0.069122,-0.015747,-0.980637,"no",0.019363,0.00208878101402373,4.04450667745416e-05,-0.0511779999999999,-0.00552081984897518,0.000282544518230852,-0.2321686,0.522092722257072,-1.163986,0.04689,1.210876
"162",2017-09-10 10:41:57,34.019234,-118.289509,9.27,-0.70668,-0.209778,-2.144623,"yes",-1.144623,-0.123476051779935,0.141333528816505,-1.163986,-0.125564832793959,0.146155707464509,0.0702912,0.956215314141486,-1.163986,1.523941,2.687927
"163",2017-09-10 10:41:57,34.019234,-118.289509,9.27,-0.368546,0.754623,-2.148834,"yes",-1.148834,-0.123930312837109,0.142375357017907,-0.00421099999999974,-0.000454261057173651,1.91289331175813e-06,-0.00490400000000002,0.973148735959463,-1.163986,1.523941,2.687927
"164",2017-09-10 10:41:57,34.019234,-118.289509,9.27,0.128235,0.22998,-0.624893,"yes",0.375107,0.0404646170442287,0.0151785611056095,1.523941,0.164394929881338,0.250528173838296,0.0699646,0.983048231084467,-1.163986,1.523941,2.687927
"165",2017-09-10 10:41:58,34.019234,-118.289509,9.27,-0.690933,0.452972,-0.953979,"no",0.046021,0.00496450916936354,0.000228471676483279,-0.329086,-0.0355001078748652,0.0116825885001079,0.283014,0.732190529466887,-0.329086,1.523941,1.853027
"166",2017-09-10 10:41:58,34.019191,-118.289426,9.05,0.281525,0.40062,-0.630814,"no",0.369186,0.0407940331491713,0.0150605859222099,0.323165,0.0357088397790055,0.0115398472071823,0.2581238,0.746373432645281,-0.329086,1.523941,1.853027
"167",2017-09-10 10:41:58,34.019191,-118.289426,9.05,-0.243362,0.030045,-0.729553,"no",0.270447,0.0298836464088398,0.00808194252033149,-0.098739,-0.0109103867403315,0.00107728067635359,-0.1437836,0.304742255872565,-0.485596,0.323165,0.808761
"168",2017-09-10 10:41:58,34.019191,-118.289426,9.05,0.139221,0.092651,-0.858215,"no",0.141785,0.0156668508287293,0.00222132444475138,-0.128662,-0.0142167955801105,0.00182916135292817,-0.0213562,0.333309100166347,-0.485596,0.323165,0.808761
"169",2017-09-10 10:41:58,34.019191,-118.289426,9.05,0.145142,0.419022,-1.343811,"no",-0.343811,-0.0379901657458564,0.0130614368752486,-0.485596,-0.0536570165745856,0.0260556326205525,-0.0658264,0.28754240213106,-0.485596,0.283051,0.768647
"170",2017-09-10 10:41:58,34.019191,-118.289426,9.05,0.426498,-0.253433,-1.06076,"no",-0.0607599999999999,-0.00671381215469612,0.000407931226519336,0.283051,0.0312763535911602,0.0088528031603315,-0.0281372,0.294417880056052,-0.485596,0.283051,0.768647
"171",2017-09-10 10:41:58,34.019191,-118.289426,9.05,-0.167953,0.015381,-0.959946,"no",0.040054,0.00442585635359116,0.000177273250386741,0.100814,0.0111396685082873,0.00112303454099447,0.000530999999999993,0.289113392762252,-0.485596,0.283051,0.768647
"172",2017-09-10 10:41:58,34.019191,-118.289426,9.05,0.173187,0.043198,-0.870239,"no",0.129761,0.0143382320441989,0.00186054332828729,0.089707,0.00991237569060773,0.000889209486077348,0.0512756,0.186522989494057,-0.231873,0.283051,0.514924
"173",2017-09-10 10:41:58,34.019191,-118.289426,9.05,0.002914,-0.075195,-0.85556,"no",0.14444,0.0159602209944751,0.00230529432044199,0.014679,0.00162198895027624,2.3809175801105e-05,0.00188579999999998,0.135533153518613,-0.231873,0.100814,0.332687
"174",2017-09-10 10:41:58,34.019191,-118.289426,9.05,0.046432,0.078995,-1.087433,"no",-0.0874330000000001,-0.0096611049723757,0.000844699391049726,-0.231873,-0.0256213259668508,0.00594089371591161,0.0214204,0.158456762960121,-0.231873,0.198487,0.43036
"175",2017-09-10 10:41:59,34.019157,-118.289342,8.8,0.098434,-0.067719,-1.051331,"no",-0.051331,-0.00583306818181818,0.000299417222840909,0.0361020000000001,0.00410250000000001,0.000148108455000001,-0.0346252,0.176765900139705,-0.231873,0.198487,0.43036
"176",2017-09-10 10:41:59,34.019157,-118.289342,8.8,0.010941,0.08757,-0.852844,"no",0.147156,0.0167222727272727,0.00246078276545454,0.198487,0.0225553409090909,0.00447694195102273,-0.0470002,0.174603945802207,-0.231873,0.198487,0.43036
"177",2017-09-10 10:41:59,34.019157,-118.289342,8.8,-0.001984,0.002502,-1.043365,"no",-0.0433650000000001,-0.00492784090909092,0.000213695821022728,-0.190521,-0.0216501136363636,0.00412480130011364,0.0458404,0.175140425779715,-0.190521,0.23233,0.422851
"178",2017-09-10 10:41:59,34.019157,-118.289342,8.8,0.108826,0.060272,-1.090561,"no",-0.0905609999999999,-0.0102910227272727,0.000931965309204543,-0.0471959999999998,-0.00536318181818179,0.000253120729090907,0.0297028,0.179914328002802,-0.190521,0.23233,0.422851
"179",2017-09-10 10:41:59,34.019157,-118.289342,8.8,-0.020096,0.067795,-0.858231,"no",0.141769,0.0161101136363636,0.00228391470011364,0.23233,0.0264011363636364,0.00613377601136363,-0.023111,0.155017145238841,-0.190521,0.23233,0.422851
"180",2017-09-10 10:41:59,34.019157,-118.289342,8.8,-0.011642,0.046707,-0.902817,"no",0.097183,0.0110435227272727,0.00107324266920455,-0.044586,-0.00506659090909091,0.000225899022272727,-0.000924799999999992,0.131171541559898,-0.07959,0.23233,0.31192
"181",2017-09-10 10:41:59,34.019157,-118.289342,8.8,0.062302,0.018234,-0.968399,"no",0.031601,0.00359102272727273,0.000113479909204545,-0.065582,-0.0074525,0.000488749855,0.0307068,0.136197223478307,-0.07959,0.23233,0.31192
"182",2017-09-10 10:41:59,34.019157,-118.289342,8.8,0.024353,0.005402,-1.047989,"no",-0.0479890000000001,-0.00545329545454546,0.000261698195568182,-0.07959,-0.00904431818181819,0.00071983728409091,-0.0232298,0.0768654217330524,-0.07959,0.110962,0.190552
"183",2017-09-10 10:41:59,34.019157,-118.289342,8.8,-0.071915,0.15065,-0.937027,"no",0.0629729999999999,0.00715602272727272,0.000450636219204545,0.110962,0.0126093181818182,0.00139915516409091,-0.1473662,0.299307912603727,-0.665268,0.110962,0.77623
"184",2017-09-10 10:41:59,34.019157,-118.289342,8.8,0.065628,0.078751,-0.97438,"no",0.02562,0.00291136363636363,7.45891363636362e-05,-0.037353,-0.00424465909090909,0.000158550751022727,0.2505432,0.98112253794707,-0.665268,1.923965,2.589233
"185",2017-09-10 10:42:00,34.019121,-118.289258,8.79,1.912949,-0.475067,-1.639648,"no",-0.639648,-0.0727699658703072,0.0465471631290102,-0.665268,-0.0756846416382253,0.0503505701733788,0.098227,1.09741247699965,-0.841171,1.923965,2.765136
"186",2017-09-10 10:42:00,34.019121,-118.289258,8.79,0.494705,-0.3228,0.284317,"yes",1.284317,0.146111149032992,0.187653032592605,1.923965,0.218881114903299,0.421119604234926,-0.0729522,1.15990336643089,-0.841171,1.923965,2.765136
"187",2017-09-10 10:42:00,34.019121,-118.289258,8.79,0.522415,-0.367828,-0.556854,"no",0.443146,0.0504147895335609,0.0223411123226394,-0.841171,-0.0956963594994312,0.080497002416496,-0.0679048,1.16015189057153,-0.841171,1.923965,2.765136
"188",2017-09-10 10:42:00,34.019121,-118.289258,8.79,0.406769,0.578522,-1.301788,"no",-0.301788,-0.0343331058020478,0.0103613193337884,-0.744934,-0.0847478953356087,0.0631315886639363,0.0996032,1.11179551728396,-0.841171,1.923965,2.765136
"189",2017-09-10 10:42:00,34.019121,-118.289258,8.79,1.059387,-0.380981,-1.313904,"no",-0.313904,-0.0357114903299204,0.0112099796605233,-0.012116,-0.00137838452787258,1.67005069397043e-05,-0.2613708,0.491154226948827,-0.841171,0.172272,1.013443
"190",2017-09-10 10:42:00,34.019121,-118.289258,8.79,-0.471756,0.135483,-1.141632,"no",-0.141632,-0.0161128555176337,0.00228209595267349,0.172272,0.0195986348122867,0.00337629601638225,-0.1344238,0.37121481479219,-0.744934,0.172272,0.917206
"191",2017-09-10 10:42:00,34.019121,-118.289258,8.79,0.351181,-0.064301,-1.022537,"no",-0.022537,-0.00256393629124005,5.77834321956771e-05,0.119095,0.0135489192263936,0.00161360853526735,0.0618956,0.17569713261263,-0.206436,0.236663,0.443099
"192",2017-09-10 10:42:00,34.019121,-118.289258,8.79,0.098297,0.182007,-1.228973,"no",-0.228973,-0.026049260523322,0.0059645773298066,-0.206436,-0.0234853242320819,0.00484821639317407,0.0816742,0.170780071784444,-0.206436,0.236663,0.443099
"193",2017-09-10 10:42:00,34.019121,-118.289258,8.79,0.352234,-0.175461,-0.99231,"no",0.00768999999999997,0.000874857792946527,6.72765642775877e-06,0.236663,0.0269241183162685,0.00637194261308305,0.0375488,0.170020372703391,-0.206436,0.236663,0.443099
"194",2017-09-10 10:42:00,34.019121,-118.289258,8.79,-0.100861,0.067886,-0.905533,"no",0.094467,0.0107470989761092,0.00101524619897611,0.086777,0.00987224118316269,0.000856683473151308,0.0172484,0.163795320869676,-0.206436,0.236663,0.443099
"195",2017-09-10 10:42:01,34.019121,-118.289258,8.79,0.15657,-0.011932,-0.953888,"no",0.046112,0.00524596131968146,0.000241901768373152,-0.0483549999999999,-0.00550113765642775,0.000266007511376563,0.0749114,0.105868933548988,-0.0483549999999999,0.236663,0.285018
"196",2017-09-10 10:42:01,34.0191,-118.289154,8.01,-0.074432,0.00766,-0.936295,"no",0.063705,0.00795318352059925,0.000506657556179776,0.017593,0.002196379525593,3.86409049937577e-05,0.0309204,0.055634835371375,-0.0483549999999999,0.086777,0.135132
"197",2017-09-10 10:42:01,34.0191,-118.289154,8.01,0.082718,0.001328,-0.854416,"no",0.145584,0.0181752808988764,0.00264603009438202,0.081879,0.0102220973782772,0.000836975111235956,-0.0014678,0.0617857230490993,-0.075164,0.081879,0.157043
"198",2017-09-10 10:42:01,34.0191,-118.289154,8.01,-0.002365,0.158676,-0.837708,"no",0.162292,0.0202611735330836,0.00328822637503121,0.0167079999999999,0.00208589263420723,3.48510941323344e-05,-0.00812680000000001,0.0694243591234374,-0.08165,0.081879,0.163529
"199",2017-09-10 10:42:01,34.0191,-118.289154,8.01,0.144455,-0.024521,-0.912872,"no",0.087128,0.0108774032459426,0.000947726390012484,-0.075164,-0.00938377028714107,0.000705321709862672,-0.0195526,0.0688317727564822,-0.08165,0.081879,0.163529
"200",2017-09-10 10:42:01,34.0191,-118.289154,8.01,-0.014954,0.02269,-0.994522,"no",0.00547799999999998,0.00068389513108614,3.74637752808986e-06,-0.08165,-0.0101935081148564,0.000832299937578027,-0.0623626,0.0551867416215163,-0.132171,0.0167079999999999,0.148879
"201",2017-09-10 10:42:01,34.0191,-118.289154,8.01,0.108856,-0.052231,-1.034058,"no",-0.0340579999999999,-0.00425193508114855,0.000144812404993757,-0.0395359999999999,-0.00493583021223469,0.00019514298327091,-0.059848,0.059785197528318,-0.132171,0.0292809999999999,0.161452
"202",2017-09-10 10:42:01,34.0191,-118.289154,8.01,0.0457,0.17131,-1.166229,"no",-0.166229,-0.020752684144819,0.00344969793270911,-0.132171,-0.0165007490636704,0.00218092050449438,-0.00781559999999999,0.122958539745314,-0.132171,0.184998,0.317169
"203",2017-09-10 10:42:01,34.0191,-118.289154,8.01,0.114395,0.030518,-1.136948,"no",-0.136948,-0.0170971285892634,0.00234141756604245,0.0292809999999999,0.00365555555555554,0.000107038322222221,0.0210114,0.118121638658207,-0.132171,0.184998,0.317169
"204",2017-09-10 10:42:01,34.0191,-118.289154,8.01,-0.022919,-0.153687,-0.95195,"no",0.04805,0.00599875156054932,0.000288240012484395,0.184998,0.0230958801498127,0.00427269163595506,-0.00513000000000003,0.146036194126662,-0.170243,0.184998,0.355241
"205",2017-09-10 10:42:02,34.019063,-118.289082,7.8,-0.047714,-0.062775,-0.889465,"no",0.110535,0.0141711538461539,0.00156640849038462,0.062485,0.00801089743589744,0.000500560926282052,0.0259094,0.127615048949174,-0.170243,0.184998,0.355241
"206",2017-09-10 10:42:02,34.019063,-118.289082,7.8,-0.059677,0.103851,-1.059708,"no",-0.0597080000000001,-0.00765487179487181,0.000457057085128207,-0.170243,-0.0218260256410257,0.00371572808320513,0.0271272,0.127684301065949,-0.170243,0.184998,0.355241
"207",2017-09-10 10:42:02,34.019063,-118.289082,7.8,0.008163,0.017929,-1.036682,"no",-0.0366820000000001,-0.00470282051282053,0.000172508862051283,0.023026,0.00295205128205128,6.79739328205128e-05,0.0011566,0.0970857485128482,-0.170243,0.062485,0.232728
"208",2017-09-10 10:42:02,34.019063,-118.289082,7.8,-0.133926,0.040237,-1.001312,"no",-0.00131199999999998,-0.000168205128205126,2.20685128205121e-07,0.0353700000000001,0.0045346153846154,0.000160389346153847,-0.0289734,0.096670395335387,-0.170243,0.055145,0.225388
"209",2017-09-10 10:42:02,34.019063,-118.289082,7.8,-0.069,-0.030304,-0.946167,"no",0.053833,0.00690166666666667,0.000371537421666667,0.055145,0.0070698717948718,0.000389868080128205,0.00545960000000001,0.0557896266101504,-0.088165,0.055145,0.14331
"210",2017-09-10 10:42:02,34.019063,-118.289082,7.8,-0.051926,0.04303,-1.034332,"no",-0.034332,-0.00440153846153847,0.000151113618461539,-0.088165,-0.0113032051282051,0.000996547080128206,-0.00693659999999996,0.0577617502357746,-0.088165,0.055145,0.14331
"211",2017-09-10 10:42:02,34.019063,-118.289082,7.8,-0.044754,0.091507,-1.03241,"no",-0.03241,-0.00415512820512821,0.000134667705128206,0.00192199999999998,0.000246410256410254,4.73600512820503e-07,-0.000390600000000019,0.0651384516188403,-0.088165,0.0680999999999998,0.156265
"212",2017-09-10 10:42:02,34.019063,-118.289082,7.8,-0.045227,0.06279,-1.071365,"no",-0.0713649999999999,-0.00914935897435896,0.000652944003205126,-0.0389549999999999,-0.00499423076923075,0.000194550259615383,-0.0109924,0.0577327063742901,-0.088165,0.0680999999999998,0.156265
"213",2017-09-10 10:42:02,34.019063,-118.289082,7.8,-0.072968,0.043457,-1.003265,"no",-0.00326500000000007,-0.000418589743589753,1.36669551282057e-06,0.0680999999999998,0.00873076923076921,0.000594565384615382,0.002298,0.0406460605532688,-0.0389549999999999,0.0680999999999998,0.107055
"214",2017-09-10 10:42:02,34.019063,-118.289082,7.8,-0.086731,0.033127,-1.001129,"no",-0.00112899999999994,-0.000144743589743581,1.63415512820494e-07,0.00213600000000014,0.000273846153846172,5.8493538461546e-07,-0.0103026,0.0495764299269319,-0.0610809999999999,0.0680999999999998,0.129181
"215",2017-09-10 10:42:03,34.019026,-118.28901,7.79,-0.010391,0.072693,-1.022842,"no",-0.022842,-0.00293222079589217,6.69777874197691e-05,-0.0217130000000001,-0.00278729139922979,6.05204581514768e-05,0.0208068,0.0711926879300114,-0.0610809999999999,0.116592,0.177673
"216",2017-09-10 10:42:03,34.019026,-118.28901,7.79,-0.024399,0.046982,-1.083923,"no",-0.083923,-0.0107731707317073,0.000904116807317073,-0.0610809999999999,-0.00784094993581514,0.000478933063029524,0.00968620000000002,0.0661204630708224,-0.0610809999999999,0.116592,0.177673
"217",2017-09-10 10:42:03,34.019026,-118.28901,7.79,0.00235,0.0569,-0.967331,"no",0.0326689999999999,0.00419370988446726,0.000137004308215661,0.116592,0.0149668806161746,0.00174501854480102,0.00603939999999998,0.0671360302765959,-0.0610809999999999,0.116592,0.177673
"218",2017-09-10 10:42:03,34.019026,-118.28901,7.79,-0.002441,0.066559,-0.954834,"no",0.045166,0.00579794608472401,0.000261870032862645,0.0124970000000001,0.00160423620025675,2.00481397946088e-05,0.000732400000000011,0.0708256505321341,-0.0610809999999999,0.116592,0.177673
"219",2017-09-10 10:42:03,34.019026,-118.28901,7.79,-0.035278,0.061829,-0.970932,"no",0.029068,0.00373145057766367,0.000108465805391527,-0.0160980000000001,-0.00206649550706034,3.32664446726575e-05,0.017099,0.0618580048983153,-0.048248,0.116592,0.16484
"220",2017-09-10 10:42:03,34.019026,-118.28901,7.79,-0.04187,0.071167,-1.01918,"no",-0.01918,-0.00246213093709884,4.72236713735557e-05,-0.048248,-0.00619358151476251,0.000298827920924261,0.00240180000000001,0.0353663669352677,-0.048248,0.043106,0.0913539999999999
"221",2017-09-10 10:42:03,34.019026,-118.28901,7.79,-0.102188,0.066879,-0.998428,"no",0.00157200000000002,0.000201797175866498,3.17225160462138e-07,0.020752,0.00266392811296534,5.52818362002567e-05,-0.00552980000000001,0.0369479848192022,-0.048248,0.043106,0.0913539999999999
"222",2017-09-10 10:42:03,34.019026,-118.28901,7.79,-0.082306,0.022125,-0.955322,"no",0.044678,0.00573530166880616,0.000256241807958922,0.043106,0.00553350449293966,0.000238527244672657,0.000488200000000005,0.0372456256921534,-0.048248,0.043106,0.0913539999999999
"223",2017-09-10 10:42:03,34.019026,-118.28901,7.79,-0.110199,0.040848,-0.982483,"no",0.017517,0.00224865211810013,3.938963915276e-05,-0.027161,-0.00348664955070603,9.47008884467265e-05,-0.0037598,0.044665899713316,-0.069488,0.043106,0.112594
"224",2017-09-10 10:42:03,34.019026,-118.28901,7.79,-0.120956,0.062775,-0.968491,"no",0.031509,0.00404480102695764,0.000127447635558408,0.013992,0.00179614890885751,2.51317155327343e-05,-0.000967400000000018,0.0469589923422554,-0.069488,0.043106,0.112594
"225",2017-09-10 10:42:04,34.019002,-118.288974,5.56,-0.135559,0.082657,-1.037979,"no",-0.037979,-0.00683075539568345,0.000259425259172662,-0.069488,-0.0124978417266187,0.00086845002589928,1.81999999999904e-05,0.0481518520536853,-0.069488,0.048034,0.117522
"226",2017-09-10 10:42:04,34.019002,-118.288974,5.56,-0.060745,0.041855,-1.003265,"no",-0.00326500000000007,-0.000587230215827351,1.91730665467635e-06,0.0347139999999999,0.0062435251798561,0.000216737733093524,0.00246580000000001,0.0467145058862876,-0.069488,0.048034,0.117522
"227",2017-09-10 10:42:04,34.019002,-118.288974,5.56,-0.038986,0.019257,-0.955231,"no",0.0447689999999999,0.00805197841726618,0.000360479021762589,0.048034,0.00863920863309353,0.000414975747482015,-0.0140594,0.0554208835620653,-0.069488,0.048034,0.117522
"228",2017-09-10 10:42:04,34.019002,-118.288974,5.56,0.008133,0.029205,-0.970154,"no",0.029846,0.0053679856115108,0.000160212898561152,-0.0149229999999999,-0.00268399280575538,4.00532246402873e-05,0.00716860000000001,0.0488161699931488,-0.0686340000000001,0.048034,0.116668
"229",2017-09-10 10:42:04,34.019002,-118.288974,5.56,0.022675,0.056732,-1.038788,"no",-0.038788,-0.00697625899280576,0.00027059513381295,-0.0686340000000001,-0.0123442446043166,0.000847234884172664,0.000527800000000012,0.0463272149519049,-0.0686340000000001,0.048034,0.116668
"230",2017-09-10 10:42:04,34.019002,-118.288974,5.56,-0.015244,0.094849,-1.002136,"no",-0.00213599999999992,-0.000384172661870488,8.20592805755331e-07,0.0366520000000001,0.00659208633093528,0.000241613148201441,0.004593,0.0520734635971144,-0.0686340000000001,0.06836,0.136994
"231",2017-09-10 10:42:04,34.019002,-118.288974,5.56,-0.05307,0.056183,-1.000626,"no",-0.000626000000000015,-0.000112589928057557,7.04812949640323e-08,0.0015099999999999,0.000271582733812932,4.100899280575e-07,-0.013156,0.0717826882054441,-0.103668,0.06836,0.172028
"232",2017-09-10 10:42:04,34.019002,-118.288974,5.56,0.001968,0.034027,-0.932266,"no",0.067734,0.0121823741007194,0.000825160927338129,0.06836,0.012294964028777,0.000840483741007194,0.00255740000000002,0.0648686288648064,-0.103668,0.06836,0.172028
"233",2017-09-10 10:42:04,34.019002,-118.288974,5.56,-0.046127,0.0811,-1.035934,"no",-0.0359339999999999,-0.00646294964028775,0.0002322396323741,-0.103668,-0.0186453237410072,0.00193292342158273,0.00539239999999999,0.0670057505987359,-0.103668,0.06836,0.172028
"234",2017-09-10 10:42:04,34.019002,-118.288974,5.56,0.022797,0.081024,-1.026001,"no",-0.0260009999999999,-0.00467643884892085,0.000121592086510791,0.00993299999999997,0.0017865107913669,1.77454116906474e-05,-0.001187,0.0690657135741027,-0.103668,0.06836,0.172028
"235",2017-09-10 10:42:05,34.018976,-118.288932,4.64,-0.023605,0.069382,-0.975174,"no",0.024826,0.00535043103448276,0.000132829800862069,0.050827,0.0109540948275862,0.000556763777801723,-0.0156892,0.0574471979925914,-0.103668,0.050827,0.154495
"236",2017-09-10 10:42:05,34.018976,-118.288932,4.64,-0.025269,0.031693,-1.006561,"no",-0.00656100000000004,-0.00141400862068966,9.27731056034494e-06,-0.0313870000000001,-0.00676443965517243,0.000212315467456897,0.00523979999999997,0.0297829649162067,-0.0313870000000001,0.050827,0.082214
"237",2017-09-10 10:42:05,34.018976,-118.288932,4.64,0.0298,0.064575,-1.010712,"no",-0.0107120000000001,-0.00230862068965518,2.47299448275865e-05,-0.00415100000000002,-0.000894612068965521,3.71353469827589e-06,-0.000912399999999991,0.0316873643713073,-0.0313870000000001,0.050827,0.082214
"238",2017-09-10 10:42:05,34.018976,-118.288932,4.64,0.008362,0.053177,-1.009735,"no",-0.00973500000000005,-0.0020980603448276,2.04246174568968e-05,0.000977000000000006,0.000210560344827587,2.05717456896554e-07,-0.0042206,0.0251177086793361,-0.0313870000000001,0.0342859999999999,0.065673
"239",2017-09-10 10:42:05,34.018976,-118.288932,4.64,-0.053314,0.019608,-1.030563,"no",-0.0305629999999999,-0.00658685344827584,0.000201314001939654,-0.0208279999999998,-0.00448879310344824,9.34925827586193e-05,-0.0107452,0.0358730546329693,-0.06401,0.0342859999999999,0.0982959999999999
"240",2017-09-10 10:42:05,34.018976,-118.288932,4.64,-0.047623,0.084564,-0.996277,"no",0.00372300000000003,0.000802370689655179,2.98722607758626e-06,0.0342859999999999,0.00738922413793102,0.000253346938793102,0.00974440000000001,0.0610227489572536,-0.06401,0.098297,0.162307
"241",2017-09-10 10:42:05,34.018976,-118.288932,4.64,-0.054016,0.079529,-1.060287,"no",-0.060287,-0.0129928879310345,0.000783302234698275,-0.06401,-0.0137952586206897,0.000883034504310345,0.01268,0.0608483416248955,-0.06401,0.098297,0.162307
"242",2017-09-10 10:42:05,34.018976,-118.288932,4.64,-0.032776,0.074341,-0.96199,"no",0.03801,0.00819181034482758,0.000311370711206896,0.098297,0.0211846982758621,0.00208239228642241,-0.011374,0.0927927736329721,-0.141098,0.098297,0.239395
"243",2017-09-10 10:42:05,34.018976,-118.288932,4.64,-0.068161,0.021072,-0.946335,"no",0.053665,0.0115657327586207,0.000620675048491378,0.015655,0.0033739224137931,5.28187553879309e-05,-0.00545660000000001,0.0972679194919887,-0.141098,0.098297,0.239395
"244",2017-09-10 10:42:05,34.018976,-118.288932,4.64,-0.105331,0.048645,-1.087433,"no",-0.0874330000000001,-0.0188433189655173,0.00164752790711207,-0.141098,-0.0304090517241379,0.00429065638017242,0.0249876,0.0981772182321337,-0.141098,0.098297,0.239395
"245",2017-09-10 10:42:06,34.018946,-118.288907,3.58,-0.020523,-0.052826,-1.02356,"no",-0.02356,-0.00658100558659219,0.000155048491620112,0.0638730000000001,0.0178416201117319,0.00113959780139665,-0.00438240000000001,0.092568936392291,-0.141098,0.088211,0.229309
"246",2017-09-10 10:42:06,34.018946,-118.288907,3.58,-0.087509,0.053253,-0.935349,"no",0.064651,0.018058938547486,0.00116752843603352,0.088211,0.0246399441340782,0.00217351411201118,0.000286800000000009,0.0944029220850711,-0.141098,0.088211,0.229309
"247",2017-09-10 10:42:06,34.018946,-118.288907,3.58,-0.016418,0.106216,-0.983902,"no",0.0160979999999999,0.00449664804469272,7.23870402234632e-05,-0.0485530000000001,-0.0135622905027933,0.000658489890782125,0.0134796,0.071547243719098,-0.075134,0.088211,0.163345
"248",2017-09-10 10:42:06,34.018946,-118.288907,3.58,-0.04216,0.126373,-0.944901,"no",0.055099,0.015390782122905,0.000848016704189944,0.0390010000000001,0.0108941340782123,0.000424882123184359,0.00028999999999999,0.0657811816023398,-0.075134,0.088211,0.163345
"249",2017-09-10 10:42:06,34.018946,-118.288907,3.58,-0.098923,0.068405,-1.020035,"no",-0.020035,-0.00559636871508381,0.000112123247206704,-0.075134,-0.0209871508379888,0.00157684859106145,-0.0249754,0.0443335984925655,-0.075134,0.0390010000000001,0.114135
"250",2017-09-10 10:42:06,34.018946,-118.288907,3.58,-0.058029,0.012558,-1.02211,"no",-0.0221100000000001,-0.00617597765363131,0.000136550865921789,-0.00207500000000005,-0.0005796089385475,1.20268854748609e-06,-0.00497139999999998,0.0527934869022685,-0.075134,0.0514669999999999,0.126601
"251",2017-09-10 10:42:06,34.018946,-118.288907,3.58,-0.150574,0.026031,-1.060226,"no",-0.0602259999999999,-0.0168229050279329,0.00101317627821229,-0.0381159999999998,-0.0106469273743016,0.000405818283798879,-0.00498339999999999,0.0527809985439836,-0.075134,0.0514669999999999,0.126601
"252",2017-09-10 10:42:06,34.018946,-118.288907,3.58,-0.082687,0.044144,-1.008759,"no",-0.00875899999999996,-0.00244664804469273,2.14301902234635e-05,0.0514669999999999,0.0143762569832402,0.000739902818156423,0.0069032,0.0375187926271621,-0.0381159999999998,0.0514669999999999,0.0895829999999997
"253",2017-09-10 10:42:06,34.018946,-118.288907,3.58,-0.147766,0.049469,-0.969818,"no",0.030182,0.00843072625698325,0.000254456179888269,0.038941,0.010877374301676,0.000423575832681564,-0.000775199999999998,0.0432988967549982,-0.040467,0.0514669999999999,0.091934
"254",2017-09-10 10:42:06,34.018946,-118.288907,3.58,-0.147232,0.030548,-0.985519,"no",0.014481,0.0040449720670391,5.8575240502793e-05,-0.0157010000000001,-0.00438575418994416,6.88607265363135e-05,0.0134978,0.0395091636104841,-0.040467,0.0514669999999999,0.091934
"255",2017-09-10 10:42:07,34.018946,-118.288907,3.58,-0.090363,0.106812,-1.025986,"no",-0.0259860000000001,-0.00725865921787711,0.000188623518435755,-0.040467,-0.0113036312849162,0.000457424047206705,0.00938719999999999,0.0354297711988097,-0.040467,0.038941,0.079408
"256",2017-09-10 10:42:07,34.018931,-118.288893,2.27,-0.126663,0.102997,-0.992737,"no",0.00726300000000002,0.00319955947136565,2.32384004405288e-05,0.0332490000000001,0.0146471365638767,0.000487002643612337,-0.0117738,0.0439401682711844,-0.0668639999999999,0.0332490000000001,0.100113
"257",2017-09-10 10:42:07,34.018931,-118.288893,2.27,-0.149124,0.055893,-0.961823,"no",0.038177,0.0168180616740088,0.000642063140528635,0.030914,0.0136185022026432,0.000421002377092511,-0.012201,0.0439982401523061,-0.0668639999999999,0.0332490000000001,0.100113
"258",2017-09-10 10:42:07,34.018931,-118.288893,2.27,-0.094223,0.069977,-1.028687,"no",-0.0286869999999999,-0.0126374449339207,0.000362530382819381,-0.0668639999999999,-0.0294555066079295,0.00196951299383259,0.003708,0.045575399685576,-0.0668639999999999,0.0390779999999999,0.105942
"259",2017-09-10 10:42:07,34.018931,-118.288893,2.27,-0.108734,0.125488,-1.046524,"no",-0.046524,-0.020495154185022,0.000953516553303965,-0.0178370000000001,-0.00785770925110137,0.000140157959911896,-0.000832999999999995,0.0429517899394193,-0.0668639999999999,0.0390779999999999,0.105942
"260",2017-09-10 10:42:07,34.018931,-118.288893,2.27,-0.124969,0.071091,-1.007446,"no",-0.00744600000000006,-0.00328017621145377,2.4424192070485e-05,0.0390779999999999,0.0172149779735683,0.000672726909251099,-0.0030578,0.0411464229332271,-0.0668639999999999,0.0390779999999999,0.105942
"261",2017-09-10 10:42:07,34.018931,-118.288893,2.27,0.026245,-0.020996,-0.996902,"no",0.00309800000000005,0.00136475770925112,4.22801938326004e-06,0.0105440000000001,0.00464493392070489,4.89761832599129e-05,0.00437639999999999,0.0279909742292047,-0.029693,0.0390779999999999,0.0687709999999999
"262",2017-09-10 10:42:07,34.018931,-118.288893,2.27,-0.105042,0.073242,-0.977112,"no",0.022888,0.0100828193832599,0.000230775570044053,0.01979,0.0087180616740088,0.000172530440528634,0.0129882,0.0260012834144778,-0.029693,0.0390779999999999,0.0687709999999999
"263",2017-09-10 10:42:07,34.018931,-118.288893,2.27,0.035522,0.071091,-1.006805,"no",-0.00680499999999995,-0.00299779735682817,2.04000110132156e-05,-0.029693,-0.0130806167400881,0.000388402752863435,0.000399800000000017,0.025442753707097,-0.029693,0.025222,0.0549149999999999
"264",2017-09-10 10:42:07,34.018931,-118.288893,2.27,-0.037231,0.090195,-0.981583,"no",0.018417,0.00811321585903084,0.000149421096475771,0.025222,0.011111013215859,0.000280241975330396,-0.00119640000000003,0.0248916162251469,-0.029693,0.025222,0.0549149999999999
"265",2017-09-10 10:42:08,34.018931,-118.288893,2.27,0.019012,0.059601,-1.005447,"no",-0.00544699999999998,-0.00239955947136563,1.30704004405285e-05,-0.023864,-0.0105127753303965,0.000250876870484581,-0.0115692,0.0247658662820423,-0.0320739999999999,0.025222,0.0572959999999999
"266",2017-09-10 10:42:08,34.018935,-118.288876,0.85,-0.044937,0.078201,-1.002884,"no",-0.00288400000000011,-0.00339294117647072,9.78524235294191e-06,0.00256299999999987,0.00301529411764691,7.72819882352863e-06,0.00303039999999999,0.0318996733102394,-0.0320739999999999,0.043305,0.075379
"267",2017-09-10 10:42:08,34.018935,-118.288876,0.85,0.002731,0.057693,-1.034958,"no",-0.034958,-0.0411270588235295,0.00143771972235295,-0.0320739999999999,-0.0377341176470588,0.00121028408941176,0.0016602,0.0308376242875485,-0.0320739999999999,0.043305,0.075379
"268",2017-09-10 10:42:08,34.018935,-118.288876,0.85,-0.016571,0.098877,-0.991653,"no",0.00834699999999999,0.00981999999999999,8.19675399999999e-05,0.043305,0.0509470588235295,0.00220626238235294,-0.00380859999999998,0.0380718373775157,-0.0512079999999999,0.043305,0.094513
"269",2017-09-10 10:42:08,34.018935,-118.288876,0.85,-0.033066,0.057541,-0.973282,"no",0.026718,0.0314329411764706,0.000839825322352942,0.018371,0.0216129411764706,0.000397051342352942,-0.00295399999999999,0.038297903735061,-0.0512079999999999,0.043305,0.094513
"270",2017-09-10 10:42:08,34.018935,-118.288876,0.85,0.016022,0.06041,-1.02449,"no",-0.0244899999999999,-0.0288117647058822,0.000705600117647053,-0.0512079999999999,-0.0602447058823528,0.00308501089882352,0.00203860000000002,0.0350413815980477,-0.0512079999999999,0.043305,0.094513
"271",2017-09-10 10:42:08,34.018935,-118.288876,0.85,0.058456,0.085312,-1.017654,"no",-0.0176540000000001,-0.020769411764706,0.00036666319529412,0.00683599999999984,0.00804235294117629,5.49775247058798e-05,-5.80000000000025e-05,0.0321493273102253,-0.0512079999999999,0.0328219999999999,0.0840299999999998
"272",2017-09-10 10:42:08,34.018935,-118.288876,0.85,0.11113,0.06102,-1.024765,"no",-0.0247649999999999,-0.029135294117647,0.000721535558823525,-0.00711099999999987,-0.00836588235294102,5.94897894117625e-05,0.00161739999999999,0.0335380968273394,-0.0512079999999999,0.0328219999999999,0.0840299999999998
"273",2017-09-10 10:42:08,34.018935,-118.288876,0.85,0.092773,0.050537,-0.991943,"no",0.00805699999999998,0.00947882352941174,7.63708811764702e-05,0.0328219999999999,0.0386141176470587,0.00126739256941176,0.004663,0.0277303036406022,-0.0359799999999999,0.0328219999999999,0.0688019999999998
"274",2017-09-10 10:42:08,34.018935,-118.288876,0.85,0.04213,0.065277,-0.965195,"no",0.034805,0.0409470588235294,0.00142516238235294,0.026748,0.0314682352941176,0.000841712357647058,0.00685420000000001,0.0283704110157043,-0.0359799999999999,0.0328219999999999,0.0688019999999998
"275",2017-09-10 10:42:09,34.018935,-118.288876,0.85,0.087219,0.056946,-1.001175,"no",-0.00117499999999993,-0.00138235294117638,1.62426470588215e-06,-0.0359799999999999,-0.0423294117647058,0.00152301223529411,0,0,0,0,0
"276",2017-09-10 10:42:09,34.018935,-118.288876,0,0.064346,0.054047,-0.983383,"no",0.016617,0,0,0.0177919999999999,0,0,0,0,0,0,0
