longitude,latitude,X,Y,Z,speedbump,pothole
-118.289532,34.021228,0.002658,0.008197,-0.10173,0,0
-118.289532,34.021228,0.001729,-0.00194,0.001388,0,0
-118.289549,34.0212,-0.000741,-0.005967,0.000471,0,0
-118.289549,34.0212,0.006809,0.004528,0.001824,0,0
-118.289549,34.0212,-0.003198,-0.001662,0.001441,0,0
-118.289549,34.0212,0.004564,-0.002283,-0.004308,0,0
-118.289549,34.0212,-0.003022,-0.002398,0.000247,0,0
-118.289548,34.021202,0.003205,-0.004097,0.000566,0,0
-118.289548,34.021202,-0.016093,-0.001295,-0.007515,0,0
-118.289548,34.021202,0.017551,0.000954,0.006348,0,0
-118.289548,34.021202,-0.006873,-0.000762,0.002514,0,0
-118.289548,34.021202,0.001,0.001984,-0.001914,0,0
-118.289548,34.021202,-0.017968,-0.003372,-0.000213,0,0
-118.289548,34.021202,0.022182,0.002427,-0.003282,0,0
-118.289625,34.021078,-0.012242,-0.000308,-0.000591,0,0
-118.289625,34.021078,-0.001853,-0.000983,0.006649,0,0
-118.289625,34.021078,-0.004884,0.002914,-0.004226,0,0
-118.289625,34.021078,0.011556,0.001212,-0.000927,0,0
-118.28966,34.021022,-0.006695,-0.005587,0.00694,0,0
-118.28966,34.021022,0.007716,-0.000501,-0.017172,0,0
-118.28966,34.021022,-0.014553,0.002133,0.012538,0,0
-118.28966,34.021022,0.012958,0.005298,-0.000054,0,0
-118.289695,34.020967,-0.004463,-0.00288,0.004858,0,0
-118.289695,34.020967,0.000583,0.004266,-0.0014,0,0
-118.289695,34.020967,0.007106,-0.00462,0.00003,0,0
-118.289695,34.020967,0.008567,0.007392,-0.001349,0,0
-118.289733,34.020904,0.017019,-0.003373,-0.00572,0,0
-118.289733,34.020904,-0.023358,0.005759,0.008152,0,0
-118.289733,34.020904,-0.012662,0.004217,-0.004855,0,0
-118.289733,34.020904,0.002153,0.005009,0.002144,0,0
-118.28978,34.02083,0.01323,-0.00616,0.004631,0,0
-118.28978,34.02083,-0.01574,0.005511,-0.004375,0,0
-118.28978,34.02083,-0.016101,-0.003118,0.001579,0,0
-118.28978,34.02083,0.019026,0.002612,-0.005371,0,0
-118.289816,34.020772,0.002724,-0.000747,0.005766,0,0
-118.289816,34.020772,0.010185,0.005516,-0.003593,0,0
-118.289816,34.020772,-0.013507,-0.005794,0.000583,0,0
-118.289816,34.020772,-0.00045,0.00592,-0.000627,0,0
-118.289848,34.02072,0.004704,-0.001217,-0.001797,0,0
-118.289848,34.02072,0.005858,0.00264,0.001085,0,0
-118.289848,34.02072,-0.005443,-0.00291,0.001929,0,0
-118.289848,34.02072,-0.001134,0.003506,0.003117,0,0
-118.289848,34.02072,0.000663,-0.002689,-0.002922,0,0
-118.28987,34.020685,-0.002115,-0.011063,-0.000759,0,0
-118.28987,34.020685,0.003876,-0.004226,-0.0034,0,0
-118.28987,34.020685,-0.000005,-0.00133,0.004525,0,0
-118.289885,34.020662,-0.004543,-0.008511,-0.000871,0,0
-118.289885,34.020662,0.01148,-0.012357,-0.004176,0,0
-118.289885,34.020662,-0.006652,-0.00487,0.001722,0,0
-118.289885,34.020662,-0.00122,-0.004981,0.001074,0,0
-118.289897,34.020643,-0.000019,0.01152,-0.004842,0,0
-118.289897,34.020643,-0.001379,-0.005917,0.001971,0,0
-118.289897,34.020643,0.005577,0.013331,0.004341,0,0
-118.289897,34.020643,-0.013034,-0.007932,-0.008471,0,0
-118.289897,34.020643,0.042479,-0.006095,-0.002472,0,0
-118.289914,34.020615,-0.053752,0.027069,0.016056,0,0
-118.289914,34.020615,0.012558,-0.001567,0.003593,0,0
-118.289914,34.020615,-0.029552,-0.006031,-0.026366,0,0
-118.289914,34.020615,0.042318,0.000675,0.009901,0,0
-118.289943,34.020569,-0.006362,0.004179,-0.003625,0,0
-118.289943,34.020569,0.004607,-0.00632,0.014887,0,0
-118.289943,34.020569,0.004063,-0.004967,-0.013341,0,0
-118.289943,34.020569,-0.005807,0.008891,0.000412,0,0
-118.289985,34.020502,0.008973,-0.009594,0.014422,0,0
-118.289985,34.020502,-0.040716,-0.008135,-0.019059,0,0
-118.289985,34.020502,0.032577,0.029867,0.012821,0,0
-118.289985,34.020502,0.030352,-0.03013,-0.010934,0,0
-118.290033,34.020426,-0.02335,0.010125,0.020144,0,0
-118.290033,34.020426,-0.01174,0.002816,-0.006526,0,0
-118.290033,34.020426,0.002882,0.005513,-0.000503,0,0
-118.290033,34.020426,-0.008273,0.005163,-0.002225,0,0
-118.290069,34.020369,0.012216,-0.001629,-0.000053,0,0
-118.290069,34.020369,-0.001341,0.003333,0.002023,0,0
-118.290069,34.020369,0.007105,-0.017198,-0.021959,0,0
-118.290069,34.020369,-0.019204,0.02282,0.017701,0,0
-118.290113,34.020301,-0.002977,-0.00488,0.001721,0,0
-118.290113,34.020301,-0.004442,-0.0059,-0.001498,0,0
-118.290113,34.020301,0.058997,-0.005685,0.031787,0,0
-118.290113,34.020301,-0.031318,0.021871,-0.028235,0,0
-118.290163,34.020224,-0.005572,-0.017287,0.004691,0,0
-118.290163,34.020224,-0.020939,0.006261,0.006278,0,0
-118.290163,34.020224,0.017095,-0.010688,-0.005874,0,0
-118.290163,34.020224,0.00099,0.003188,-0.016585,0,0
-118.29021,34.020152,0.019614,0.008264,0.012708,0,0
-118.29021,34.020152,-0.001144,0.004788,0.006793,0,0
-118.29021,34.020152,-0.005913,0.000459,-0.019151,0,0
-118.29021,34.020152,-0.003384,-0.00335,-0.002435,0,0
-118.290254,34.020083,0.01211,-0.001912,0.007221,0,0
-118.290254,34.020083,-0.033862,0.010601,0.007612,0,0
-118.290254,34.020083,-0.006191,0.000566,-0.007027,0,0
-118.290254,34.020083,0.018628,-0.00351,0.007114,0,0
-118.290298,34.020016,-0.014635,0.013151,-0.002757,0,0
-118.290298,34.020016,0.019563,-0.004831,-0.002591,0,0
-118.290298,34.020016,0.007367,0.002248,-0.001052,0,0
-118.290298,34.020016,-0.011236,0.002374,0.003081,0,0
-118.290335,34.019958,0.007658,0.002171,0.002997,0,0
-118.290335,34.019958,-0.0092,-0.006179,-0.002972,0,0
-118.290335,34.019958,-0.002471,0.005508,0.001646,0,0
-118.290335,34.019958,-0.00588,-0.003417,0.004235,0,0
-118.290361,34.019918,0.021843,-0.001351,-0.004918,0,0
-118.290361,34.019918,-0.025484,0.000344,-0.00122,0,0
-118.290361,34.019918,0.014943,-0.006698,0.001621,0,0
-118.290361,34.019918,-0.008962,-0.007201,-0.000361,0,0
-118.290372,34.019901,0.003596,0.001013,-0.001377,0,0
-118.290372,34.019901,-0.002315,-0.007173,0.000016,0,0
-118.290372,34.019901,0.003787,-0.003727,0.001866,0,0
-118.290372,34.019901,-0.00536,-0.00115,-0.002295,0,0
-118.29038,34.01989,0.007651,-0.002214,0.000752,0,0
-118.29038,34.01989,-0.004134,-0.003361,-0.00092,0,0
-118.29038,34.01989,-0.00235,-0.000741,0.000769,0,0
-118.29038,34.01989,0.008096,0.002651,0.000966,0,0
-118.290383,34.019884,-0.004962,-0.001967,-0.004144,0,0
-118.290383,34.019884,0.004511,0.001971,0.006871,0,0
-118.290383,34.019884,0.002371,0.00319,-0.003053,0,0
-118.290383,34.019884,-0.00311,0.000831,0.001329,0,0
-118.290391,34.019872,-0.000391,0.000938,-0.004674,0,0
-118.290391,34.019872,-0.003112,0.000641,0.005958,0,0
-118.290391,34.019872,-0.003317,0.003226,-0.004506,0,0
-118.290391,34.019872,0.00867,0.001338,-0.000082,0,0
-118.290402,34.019855,-0.004948,-0.000766,0.004455,0,0
-118.290402,34.019855,-0.002183,-0.008085,-0.004341,0,0
-118.290402,34.019855,0.007724,-0.001724,-0.001285,0,0
-118.290402,34.019855,-0.000229,-0.004778,0.00002,0,0
-118.290421,34.019827,-0.004578,0.001304,0.008231,0,0
-118.290421,34.019827,0.006426,-0.005371,-0.004363,0,0
-118.290421,34.019827,0.012798,-0.00072,0.000339,0,0
-118.290421,34.019827,-0.002256,-0.000405,-0.009742,0,0
-118.29043,34.019812,0.004072,-0.007635,0.012343,0,0
-118.29043,34.019812,0.008757,0.009891,-0.002239,0,0
-118.29043,34.019812,-0.000881,0.000797,-0.001886,0,0
-118.29043,34.019812,-0.011494,0.003783,0.006459,0,0
-118.290438,34.019793,-0.010167,0.000823,-0.005594,0,0
-118.290438,34.019793,-0.000224,0.002774,-0.002827,0,0
-118.290438,34.019793,-0.000037,0.000579,0.007467,0,0
-118.290438,34.019793,-0.008769,-0.005662,-0.01127,0,0
-118.290434,34.019628,-0.003087,0.001514,0.008455,0,0
-118.290434,34.019628,-0.008328,-0.001576,-0.004648,0,0
-118.290434,34.019628,0.0146,-0.002763,-0.000296,0,0
-118.290434,34.019628,0.000016,0.004708,-0.007011,0,0
-118.290364,34.019599,-0.00544,0.007895,0.004926,0,0
-118.290364,34.019599,-0.0096,-0.002936,-0.000517,0,0
-118.290364,34.019599,0.006295,0.001179,0.004662,0,0
-118.290364,34.019599,0.01596,-0.003638,0.010867,0,0
-118.290284,34.019565,-0.005798,0.008959,-0.015494,0,0
-118.290284,34.019565,0.022905,0.000842,-0.006342,0,0
-118.290284,34.019565,-0.009057,0.006792,0.006395,0,0
-118.290284,34.019565,-0.018191,-0.016481,-0.005808,0,0
-118.290207,34.019532,0.014747,0.006736,0.00192,0,0
-118.290207,34.019532,-0.006123,-0.006823,0.006577,0,0
-118.290207,34.019532,0.007739,-0.002378,0.004867,0,0
-118.290207,34.019532,-0.011256,0.010537,-0.000803,0,0
-118.290128,34.019499,0.004926,-0.000291,-0.003674,0,0
-118.290128,34.019499,-0.003448,0.005687,0.003723,0,0
-118.290128,34.019499,-0.006468,-0.002746,-0.005654,0,0
-118.290128,34.019499,0.00202,0.00187,0.003778,0,0
-118.290049,34.019466,0.003837,-0.006162,-0.005072,0,0
-118.290049,34.019466,0.004851,-0.001304,0.006484,0,0
-118.290049,34.019466,-0.000694,-0.003576,-0.000753,0,0
-118.290049,34.019466,-0.004858,-0.000725,-0.002167,0,0
-118.289971,34.019433,0.00667,-0.003574,-0.002138,0,0
-118.289971,34.019433,0.00189,0.00703,0.003113,0,0
-118.289971,34.019433,-0.015745,-0.00239,0.006029,0,0
-118.289971,34.019433,0.005348,0.001074,-0.009627,0,0
-118.28989,34.019399,0.013881,0.014662,0.007316,0,0
-118.28989,34.019399,0.000854,-0.005737,0.000808,0,0
-118.28989,34.019399,-0.01701,0.003529,-0.003619,0,0
-118.28989,34.019399,-0.004554,-0.00412,0.003235,0,0
-118.289809,34.019365,0.010014,0.008777,0.001799,0,0
-118.289809,34.019365,-0.007274,-0.011287,-0.004291,0,0
-118.289809,34.019365,0.010749,0.002069,0.002421,0,0
-118.289809,34.019365,-0.003932,0.004416,-0.002519,0,0
-118.289727,34.019331,-0.00742,-0.008976,-0.005192,0,0
-118.289727,34.019331,0.009865,0.007775,0.002564,0,0
-118.289727,34.019331,-0.006187,0.001036,0.000742,0,0
-118.289727,34.019331,-0.00644,-0.005301,-0.000145,0,0
-118.289648,34.019297,0.006275,0.006972,0.001514,0,0
-118.289648,34.019297,0.003521,-0.00377,-0.002031,0,0
-118.289648,34.019297,0.000573,0.011113,0.005516,0,0
-118.289648,34.019297,-0.004433,-0.003418,-0.000047,0,0
-118.289572,34.019265,0.010095,-0.000843,-0.005547,0,0
-118.289572,34.019265,-0.014019,0.002185,0.002608,0,0
-118.289572,34.019265,0.006616,0.007786,-0.000272,0,0
-118.289572,34.019265,-0.001301,0.010318,0.00154,0,0
-118.289511,34.01924,0.002435,-0.005857,-0.003199,0,0
-118.289511,34.01924,-0.005886,-0.000775,-0.002219,0,0
-118.289511,34.01924,0.001603,-0.010703,0.004201,0,0
-118.289511,34.01924,0.000965,-0.009739,-0.003121,0,0
-118.289466,34.019221,-0.001153,0.000899,0.001668,0,0
-118.289466,34.019221,0.002099,-0.009957,0.014598,0,0
-118.289466,34.019221,0.000398,0.012066,-0.033165,0,0
-118.289466,34.019221,-0.001573,-0.009812,0.035481,1,0
-118.289448,34.019213,-0.000677,0.009067,-0.024172,0,0
-118.289448,34.019213,-0.013154,-0.013621,0.020257,0,0
-118.289448,34.019213,0.011649,-0.00984,-0.028205,0,0
-118.289448,34.019213,-0.0027,0.012508,0.03125,0,0
-118.289424,34.019203,0.015687,-0.009183,-0.023643,0,0
-118.289424,34.019203,-0.012392,-0.000997,0.011371,0,0
-118.289424,34.019203,-0.002581,-0.002435,-0.000901,0,0
-118.289424,34.019203,0.012862,0.003588,-0.006739,0,0
-118.289391,34.019189,-0.00604,0.003716,0.008298,0,0
-118.289391,34.019189,0.000588,0.00428,-0.007112,0,0
-118.289391,34.019189,-0.003406,0.006289,0.006414,0,0
-118.289391,34.019189,-0.00239,-0.001494,-0.004827,0,0
-118.289348,34.019171,-0.004638,-0.001947,0.003157,0,0
-118.289348,34.019171,0.00408,0.00536,-0.001291,0,0
-118.289348,34.019171,-0.000604,-0.002043,-0.000795,0,0
-118.289348,34.019171,-0.0012,0.003481,-0.000296,0,0
-118.289297,34.01915,0.007833,-0.000468,-0.000187,0,0
-118.289297,34.01915,-0.010059,-0.000412,0.003317,0,0
-118.289297,34.01915,0.004512,0.001786,-0.000549,0,0
-118.289297,34.01915,0.007176,0.011768,-0.005211,0,0
-118.28926,34.019134,-0.031933,-0.027318,0.028091,0,0
-118.28926,34.019134,0.046195,0.019927,-0.019748,0,0
-118.28926,34.019134,-0.037242,-0.008023,-0.014625,0,0
-118.28926,34.019134,0.037966,0.000059,-0.003921,0,0
-118.28923,34.019122,-0.038871,0.016104,0.049116,1,0
-118.28923,34.019122,0.022728,-0.035454,-0.06915,0,0
-118.28923,34.019122,-0.017178,0.011424,0.048064,0,0
-118.28923,34.019122,0.018088,-0.010909,-0.011362,0,0
-118.289212,34.019114,-0.010735,-0.000664,-0.01017,0,0
-118.289212,34.019114,-0.00037,0.001919,0.007928,0,0
-118.289212,34.019114,0.001915,-0.001872,0.001265,0,0
-118.289212,34.019114,-0.004987,0.009305,-0.001671,0,0
-118.289192,34.019106,-0.000073,0.007358,0.001601,0,0
-118.289192,34.019106,0.00297,0.000389,0.002211,0,0
-118.289192,34.019106,0.000166,0.004285,-0.009985,0,0
-118.289192,34.019106,0.008128,-0.000996,0.008222,0,0
-118.289165,34.019094,-0.013188,-0.002586,-0.004461,0,0
-118.289165,34.019094,0.006179,-0.007564,-0.0034,0,0
-118.289165,34.019094,0.0036,-0.001257,0.008869,0,0
-118.289165,34.019094,0.001533,-0.001492,-0.005647,0,0
-118.289136,34.019083,0.004561,-0.003064,0.006037,0,0
-118.289136,34.019083,-0.002528,-0.001847,-0.005962,0,0
-118.289136,34.019083,0.002298,-0.000941,0.002796,0,0
-118.289136,34.019083,0.00073,-0.000492,0.00091,0,0
-118.289095,34.019065,-0.008987,-0.001088,-0.001876,0,0
-118.289095,34.019065,0.002392,0.00419,0.001872,0,0
-118.289095,34.019065,-0.000473,0.009888,0.000487,0,0
-118.289095,34.019065,0.003557,0.000683,-0.005407,0,0
-118.289041,34.019043,0.011388,0.004341,0.005452,0,0
-118.289041,34.019043,-0.010803,-0.001943,-0.00167,0,0
-118.289041,34.019043,0.003339,0.008735,0.000283,0,0
-118.289041,34.019043,-0.002843,-0.000014,0.001128,0,0
-118.288979,34.019017,-0.003705,0.004943,0.000036,0,0
-118.288979,34.019017,-0.004294,0.003778,-0.003938,0,0
-118.288979,34.019017,-0.008273,0.000166,0.001676,0,0
-118.288979,34.019017,0.006084,0.00304,-0.00174,0,0
-118.288922,34.018993,0.004484,0.000274,0.009437,0,0
-118.288922,34.018993,0.001774,0.002199,-0.005326,0,0
-118.288922,34.018993,-0.006857,-0.006261,0.001928,0,0
-118.288922,34.018993,0.013559,0.002393,-0.002837,0,0
-118.288873,34.018972,-0.011332,-0.007588,-0.000888,0,0
-118.288873,34.018972,0.004908,-0.002871,0.000899,0,0
-118.288873,34.018972,0.000087,0.002754,-0.001329,0,0
-118.288873,34.018972,-0.003843,-0.011889,0.001659,0,0
-118.288848,34.018962,0.001313,0.00154,-0.001777,0,0
-118.288848,34.018962,0.000675,-0.001047,-0.000342,0,0
-118.288848,34.018962,-0.001184,-0.004332,0.004688,0,0
-118.288848,34.018962,0.002094,-0.000977,-0.004175,0,0
-118.288829,34.018954,-0.008531,-0.007601,-0.000523,0,0
-118.288829,34.018954,-0.003818,-0.002091,-0.001229,0,0
-118.288829,34.018954,0.001844,-0.00096,0.001268,0,0
-118.288829,34.018954,-0.003709,0.001033,0.002054,0,0
-118.28881,34.018946,-0.000272,0.002504,-0.006337,0,0
-118.28881,34.018946,0.012883,-0.002919,0.001957,0,0
-118.28881,34.018946,-0.023374,0.013089,0.004536,0,0
-118.28881,34.018946,0.020839,0.001113,-0.006719,0,0
-118.288787,34.018932,-0.01673,0.006465,0.007506,0,0
-118.288787,34.018932,0.008415,-0.009761,-0.002964,0,0
-118.288787,34.018932,-0.000194,0.012034,0.010459,0,0
-118.288787,34.018932,0.0026,0.007059,-0.016235,0,0
-118.288707,34.018826,-0.001279,-0.000616,0.013903,0,0
-118.288707,34.018826,0.024262,0.00516,-0.01204,0,0
-118.288707,34.018826,-0.039792,-0.027712,0.014684,0,0
-118.288707,34.018826,0.054551,0.00872,-0.006053,0,0
-118.28872,34.018805,-0.039937,0.009921,-0.035408,0,0
-118.28872,34.018805,0.012105,-0.013475,0.028793,1,0
-118.28872,34.018805,-0.004775,0.012977,0.013131,0,0
-118.28872,34.018805,0.013772,-0.026173,-0.02319,0,0
-118.288732,34.018785,-0.006202,-0.0063,0.007497,0,0
-118.288732,34.018785,-0.006913,0.012207,0.028231,0,0
-118.288732,34.018785,0.012533,-0.02176,-0.036322,0,0
-118.288732,34.018785,-0.01202,0.013734,0.019224,0,0
-118.288744,34.018765,0.004103,-0.003772,-0.005766,0,0
-118.288744,34.018765,0.006949,0.010549,-0.007509,0,0
-118.288744,34.018765,-0.007203,-0.001878,0.012764,0,0
-118.288744,34.018765,-0.002262,-0.001263,-0.002437,0,0
-118.288766,34.018728,0.007438,0.014684,0.009323,0,0
-118.288766,34.018728,-0.000559,0.005521,-0.006123,0,0
-118.288766,34.018728,-0.012165,-0.010258,-0.003107,0,0
-118.288766,34.018728,0.019537,0.001,-0.005282,0,0
-118.288794,34.01868,-0.020459,-0.005205,0.009112,0,0
-118.288794,34.01868,0.003758,0.016247,-0.014435,0,0
-118.288794,34.01868,-0.027556,-0.003919,0.000405,0,0
-118.288794,34.01868,0.03839,0.001525,0.009188,0,0
-118.288822,34.018634,-0.024562,0.000059,-0.000769,0,0
-118.288822,34.018634,0.016286,-0.001169,-0.004757,0,0
-118.288822,34.018634,0.001707,0.003579,0.003352,0,0
-118.288822,34.018634,0.013391,0.006218,0.004982,0,0
-118.288849,34.018588,-0.010836,0.006232,-0.004055,0,0
-118.288849,34.018588,0.007355,0.009555,-0.001554,0,0
-118.288849,34.018588,0.006944,-0.003574,0.00365,0,0
-118.288849,34.018588,-0.008169,-0.003702,-0.001586,0,0
-118.28887,34.018551,-0.008769,-0.000104,0.00468,0,0
-118.28887,34.018551,0.016741,0.003907,-0.010171,0,0
-118.28887,34.018551,-0.016786,-0.011133,0.006848,0,0
-118.28887,34.018551,0.001158,-0.002572,-0.001687,0,0
-118.288885,34.018527,-0.00471,0.00079,-0.001494,0,0
-118.288885,34.018527,0.006817,-0.00167,0.004036,0,0
-118.288885,34.018527,-0.006683,-0.001319,-0.003028,0,0
-118.288885,34.018527,0.002485,0.001945,-0.000568,0,0
-118.288892,34.018515,0.00175,-0.003286,0.001326,0,0
-118.288892,34.018515,-0.000904,-0.010549,-0.001302,0,0
-118.288892,34.018515,0.001456,0.000627,0.000624,0,0
-118.288892,34.018515,0.000061,0.001273,-0.001287,0,0
-118.288895,34.01851,0.001094,-0.000672,0.000064,0,0
-118.288895,34.01851,-0.002519,0.001002,0.001506,0,0
-118.288895,34.01851,0.001304,-0.002875,-0.000485,0,0
-118.288895,34.01851,0.001245,-0.002672,-0.000454,0,0
-118.288896,34.018507,0.002623,-0.007302,-0.000738,0,0
-118.288896,34.018507,0.000419,-0.004618,0.002889,0,0
-118.288896,34.018507,0.006406,0.003811,-0.004301,0,0
-118.288896,34.018507,-0.00194,0.013814,-0.000333,0,0
-118.288897,34.018506,-0.005013,-0.004397,0.003616,0,0
-118.288897,34.018506,0.004988,0.011986,-0.002124,0,0
-118.288897,34.018506,-0.009199,-0.003935,0.000583,0,0
-118.288897,34.018506,0.000257,0.003694,0.001545,0,0
-118.288901,34.0185,-0.004727,0.001411,-0.001111,0,0
-118.288901,34.0185,0.002449,0.001494,0.000184,0,0
-118.288901,34.0185,0.000481,0.001778,-0.001635,0,0
-118.288901,34.0185,0.002821,-0.021695,0.002234,0,0
-118.288907,34.01849,-0.001947,0.008587,-0.000188,0,0
-118.288907,34.01849,0.001648,-0.002855,0.000809,0,0
-118.288907,34.01849,0.000389,0.00117,-0.001875,0,0
-118.288907,34.01849,-0.000143,-0.000696,0.001732,0,0
-118.288909,34.018486,-0.000238,-0.000274,-0.001371,0,0
-118.288909,34.018486,0.00065,-0.0027,-0.000468,0,0
-118.288909,34.018486,0.003882,-0.009426,-0.000355,0,0
-118.288909,34.018486,0.003685,-0.003184,0.000059,0,0
-118.288911,34.018483,-0.002536,-0.000359,-0.000163,0,0
-118.288911,34.018483,0.000549,-0.002994,0.006983,0,0
-118.288911,34.018483,0.015416,0.006406,-0.014094,0,0
-118.288911,34.018483,-0.010619,0.009258,0.010798,0,0
-118.288912,34.018482,0.006955,0.006216,-0.00295,0,0
-118.288912,34.018482,-0.00393,0.004252,0.000974,0,0
-118.288912,34.018482,-0.005807,-0.003155,0.000524,0,0
-118.288912,34.018482,-0.008917,0.006306,-0.003703,0,0
-118.288912,34.018482,0.020095,-0.001365,-0.008654,0,0
-118.288912,34.018482,-0.016422,-0.002546,0.016448,0,0
-118.288912,34.018482,-0.004697,0.000131,-0.005637,0,0
-118.288912,34.018482,0.014765,0.004744,-0.002525,0,0
-118.288909,34.018486,-0.006243,-0.008366,0.010731,0,0
-118.288909,34.018486,-0.003944,0.000633,-0.007097,0,0
-118.288909,34.018486,0.006471,-0.002678,0.001498,0,0
-118.288909,34.018486,-0.003219,-0.004477,-0.002367,0,0
-118.288906,34.018491,-0.005062,-0.00646,0.000988,0,0
-118.288906,34.018491,-0.00087,0.005573,0.00155,0,0
-118.288906,34.018491,0.000383,0.001985,-0.003831,0,0
-118.288906,34.018491,-0.001329,-0.001175,0.001652,0,0
-118.288897,34.018507,-0.004246,-0.001085,-0.000893,0,0
-118.288897,34.018507,0.006544,-0.005471,-0.00017,0,0
-118.288897,34.018507,0.000527,0.00981,0.005636,0,0
-118.288897,34.018507,-0.002057,0.004196,-0.00599,0,0
-118.288884,34.018528,-0.003661,-0.002785,0.005326,0,0
-118.288884,34.018528,0.008301,0.010352,-0.005836,0,0
-118.288884,34.018528,0.006529,0.006507,-0.001151,0,0
-118.288884,34.018528,-0.005555,0.003425,0.0022,0,0
-118.288884,34.018528,-0.00377,0.000423,0.003143,0,0
-118.288872,34.018549,-0.005906,-0.003532,-0.003809,0,0
-118.288872,34.018549,-0.002681,-0.001111,0.002364,0,0
-118.288872,34.018549,0.009947,0.001374,-0.00249,0,0
-118.288858,34.018572,-0.00853,-0.011092,0.002686,0,0
-118.288858,34.018572,0.006554,0.001099,-0.000619,0,0
-118.288858,34.018572,-0.003555,-0.000675,-0.001472,0,0
-118.288858,34.018572,-0.000114,0.002251,0.000968,0,0
-118.288854,34.018578,0.001649,-0.005866,-0.00045,0,0
-118.288854,34.018578,-0.002292,-0.006852,-0.000215,0,0
-118.288854,34.018578,0.005454,0.002418,-0.000212,0,0
-118.288854,34.018578,-0.002975,0.000265,-0.000266,0,0
-118.288853,34.01858,0.001287,0.001032,0.001445,0,0
-118.288853,34.01858,-0.000518,-0.002378,0.000271,0,0
-118.288853,34.01858,0.000389,0.003879,-0.001933,0,0
-118.288853,34.01858,-0.002681,-0.003991,0.005544,0,0
-118.288853,34.01858,0.002339,0.002146,-0.008141,0,0
-118.288853,34.018581,0.001623,-0.000672,0.006046,0,0
-118.288853,34.018581,-0.005337,-0.000697,-0.003818,0,0
-118.288853,34.018581,0.006655,0.001685,0.001218,0,0
-118.28885,34.018586,-0.003415,-0.000025,0.002857,0,0
-118.28885,34.018586,-0.001576,-0.008527,-0.001466,0,0
-118.28885,34.018586,0.007392,-0.002964,-0.000193,0,0
-118.28885,34.018586,-0.00332,-0.002493,-0.00199,0,0
-118.28885,34.018586,-0.00065,-0.002563,0.00473,0,0
-118.288844,34.018596,0.001656,0.002858,-0.001165,0,0
-118.288844,34.018596,-0.003246,0.004537,-0.002981,0,0
-118.288844,34.018596,0.002024,0.001587,-0.006759,0,0
-118.288844,34.018596,-0.009516,0.00321,0.009821,0,0
-118.288836,34.01861,0.007562,0.005306,-0.001141,0,0
-118.288836,34.01861,-0.004007,0.003955,0.001785,0,0
-118.288836,34.01861,0.002519,-0.000879,-0.005499,0,0
-118.288836,34.01861,0.002516,-0.001351,0.003544,0,0
-118.28882,34.018636,-0.00155,0.000792,-0.003089,0,0
-118.28882,34.018636,-0.005113,0.003417,-0.00204,0,0
-118.28882,34.018636,0.005038,0.000014,0.003952,0,0
-118.28882,34.018636,-0.000537,0.003543,-0.00042,0,0
-118.288807,34.018657,0.003506,-0.008189,0.002626,0,0
-118.288807,34.018657,-0.011813,0.002258,-0.001989,0,0
-118.288807,34.018657,0.016233,0.000646,0.00049,0,0
-118.288512,34.019142,-0.013219,-0.003957,-0.008482,0,0
-118.288512,34.019142,0.004892,0.002546,0.005894,0,0
-118.288512,34.019142,0.003716,0.015564,-0.008883,0,0
-118.288512,34.019142,-0.00912,-0.032829,0.043775,1,0
-118.288512,34.019142,0.019235,0.031164,-0.075324,0,0
-118.288535,34.019105,-0.023515,-0.022989,0.060066,0,0
-118.288535,34.019105,0.021349,0.016075,-0.035244,0,0
-118.288535,34.019105,-0.027029,0.016243,0.047611,0,0
-118.288535,34.019105,0.024866,-0.023648,-0.053175,0,0
-118.288548,34.019085,-0.02059,0.014088,0.029898,0,0
-118.288548,34.019085,0.016182,-0.016625,0.001674,0,0
-118.288548,34.019085,0.003829,-0.001841,-0.014649,0,0
-118.288548,34.019085,-0.012779,0.004144,0.009602,0,0
-118.288571,34.019048,0.015974,-0.004931,-0.00256,0,0
-118.288571,34.019048,-0.005591,-0.005099,-0.00307,0,0
-118.288571,34.019048,0.002286,-0.003622,0.003185,0,0
-118.288571,34.019048,-0.002216,-0.001461,0.000025,0,0
-118.288579,34.019035,-0.000415,-0.005793,-0.003543,0,0
-118.288579,34.019035,0.003986,0.007187,0.003784,0,0
-118.288579,34.019035,0.010087,0.00565,0.0066,0,0
-118.288579,34.019035,-0.009681,-0.001774,-0.004445,0,0
-118.288589,34.019018,-0.003577,0.005286,-0.001522,0,0
-118.288589,34.019018,0.009054,0.002835,-0.000023,0,0
-118.288589,34.019018,-0.018738,0.001116,-0.005102,0,0
-118.288589,34.019018,0.015121,0.004307,0.005664,0,0
-118.288601,34.018999,-0.004003,-0.002913,0.000291,0,0
-118.288601,34.018999,0.003748,0.001382,-0.007565,0,0
-118.288601,34.018999,-0.001534,-0.007371,0.004758,0,0
-118.288601,34.018999,-0.008321,-0.008236,-0.007171,0,0
-118.288626,34.018959,0.018093,0.00079,0.010794,0,0
-118.288626,34.018959,-0.008133,0.002449,-0.002914,0,0
-118.288626,34.018959,-0.002034,-0.004469,-0.002298,0,0
-118.288626,34.018959,0.004783,0.002239,0.001323,0,0
-118.28866,34.018908,-0.012656,-0.003793,0.00267,0,0
-118.28866,34.018908,0.015653,0.001477,-0.005552,0,0
-118.28866,34.018908,0.001155,0.007192,0.00886,0,0
-118.28866,34.018908,-0.011345,-0.001295,-0.010562,0,0
-118.288774,34.01892,0.003629,0.00061,0.006495,0,0
-118.288774,34.01892,-0.007741,-0.006656,0.003776,0,0
-118.288774,34.01892,0.006152,0.011564,-0.007204,0,0
-118.288774,34.01892,-0.014363,0.00175,0.00544,0,0
-118.288827,34.018955,0.001257,-0.003562,-0.007931,0,0
-118.288827,34.018955,0.004897,0.005746,0.005961,0,0
-118.288827,34.018955,-0.009782,0.000037,-0.003269,0,0
-118.288827,34.018955,0.003835,0.001839,0.002236,0,0
-118.288897,34.018979,0.005734,-0.004901,-0.001237,0,0
-118.288897,34.018979,-0.001556,0.002905,0.002672,0,0
-118.288897,34.018979,0.003201,0.003341,0.007036,0,0
-118.288897,34.018979,-0.009244,-0.001042,-0.007714,0,0
-118.288964,34.019006,0.010965,0.005385,0.000093,0,0
-118.288964,34.019006,-0.007847,0.010385,-0.002175,0,0
-118.288964,34.019006,0.006151,0.001872,0.002259,0,0
-118.288964,34.019006,-0.002149,-0.017629,0.000352,0,0
-118.289029,34.01903,-0.00525,0.000219,-0.002928,0,0
-118.289029,34.01903,0.007213,0.005273,0.005841,0,0
-118.289029,34.01903,-0.007386,0.003364,-0.004126,0,0
-118.289029,34.01903,0.010626,0.008219,0.004361,0,0
-118.289076,34.019055,-0.007998,0.003233,-0.005474,0,0
-118.289076,34.019055,0.001195,-0.003832,-0.001197,0,0
-118.289076,34.019055,0.01253,-0.00351,0.005474,0,0
-118.289076,34.019055,-0.020332,0.007557,-0.011256,0,0
-118.289117,34.019074,0.014982,0.000876,0.010892,0,0
-118.289117,34.019074,-0.002645,-0.000177,-0.002317,0,0
-118.289117,34.019074,-0.005029,-0.004453,-0.000518,0,0
-118.289117,34.019074,0.008217,-0.002942,0.001209,0,0
-118.289145,34.019078,-0.006824,-0.005331,-0.002374,0,0
-118.289145,34.019078,0.001617,0.00255,0.000409,0,0
-118.289145,34.019078,-0.001091,0.001634,-0.000389,0,0
-118.289145,34.019078,0.000778,-0.021759,-0.000135,0,0
-118.28915,34.019079,0.001559,0.006001,0.000963,0,0
-118.28915,34.019079,-0.002788,0.000842,0.000129,0,0
-118.28915,34.019079,-0.001032,-0.000112,0.000571,0,0
-118.28915,34.019079,0.005885,-0.000429,-0.002143,0,0
-118.289146,34.019078,-0.006171,-0.004086,0.002455,0,0
-118.289146,34.019078,0.002471,0.000221,-0.001116,0,0
-118.289146,34.019078,-0.000349,0.000646,-0.00014,0,0
-118.289146,34.019078,0.000104,0.002451,0.000671,0,0
-118.289146,34.019082,-0.000216,0.005695,0.000132,0,0
-118.289146,34.019082,0.000005,0.001281,-0.000389,0,0
-118.289146,34.019082,0.000092,-0.005096,-0.0012,0,0
-118.289146,34.019082,-0.000565,-0.001939,-0.000437,0,0
-118.289145,34.019083,-0.001928,-0.001674,0.002074,0,0
-118.289145,34.019083,0.003418,-0.000733,0.000109,0,0
-118.289145,34.019083,-0.000305,0.000258,-0.000963,0,0
-118.289145,34.019083,-0.000482,-0.001596,-0.000705,0,0
-118.289143,34.019088,0.000888,-0.008321,0.001215,0,0
-118.289143,34.019088,0.00017,-0.007865,-0.000448,0,0
-118.289143,34.019088,0.000412,-0.004873,0.000979,0,0
-118.289143,34.019088,0.001534,0.000199,-0.000022,0,0
-118.289146,34.019088,-0.00532,0.013521,0.005824,0,0
-118.289146,34.019088,0.005046,0.005816,-0.004397,0,0
-118.289146,34.019088,-0.008972,0.002392,-0.004834,0,0
-118.289146,34.019088,0.008964,0.002723,0.004565,0,0
-118.289145,34.019089,-0.007156,0.003515,-0.003776,0,0
-118.289145,34.019089,0.002407,0.003117,0.000227,0,0
-118.289145,34.019089,0.005835,0.002917,-0.000678,0,0
-118.289145,34.019089,0.001374,-0.01691,0.018984,0,0
-118.289172,34.019087,-0.006358,0.022266,-0.0475,0,0
-118.289172,34.019087,-0.000808,-0.020148,0.052402,1,0
-118.289172,34.019087,0.021976,0.011379,-0.045058,0,0
-118.289172,34.019087,-0.026336,0.004705,0.05432,0,0
-118.2892,34.019094,0.009689,-0.027827,-0.054902,0,0
-118.2892,34.019094,-0.010699,0.015641,0.026526,0,0
-118.2892,34.019094,0.013837,-0.009295,0.003566,0,0
-118.2892,34.019094,-0.01017,-0.01157,-0.013345,0,0
-118.28922,34.01911,0.006639,-0.001414,0.007321,0,0
-118.28922,34.01911,0.003039,-0.002654,0.003017,0,0
-118.28922,34.01911,-0.007461,0.000352,-0.002973,0,0
-118.28922,34.01911,-0.000075,0.005203,-0.003686,0,0
-118.289242,34.019127,0.00304,0.012874,0.003062,0,0
-118.289242,34.019127,0.000478,0.004694,-0.00262,0,0
-118.289242,34.019127,-0.000597,0.008941,0.002256,0,0
-118.289242,34.019127,-0.000414,-0.002401,-0.004719,0,0
-118.289286,34.019145,-0.001235,0.014215,0.007335,0,0
-118.289286,34.019145,0.001063,-0.000646,0.001338,0,0
-118.289286,34.019145,-0.001366,0.004732,-0.00483,0,0
-118.289286,34.019145,0.00588,0.011086,-0.002448,0,0
-118.289338,34.019167,-0.007593,-0.053548,0.036971,1,0
-118.289338,34.019167,0.00586,0.027439,-0.045596,0,0
-118.289338,34.019167,-0.018681,0.006747,-0.002622,0,0
-118.289338,34.019167,0.014948,-0.005846,0.081338,0,0
-118.289376,34.019183,0.009927,-0.029767,-0.112949,0,0
-118.289376,34.019183,-0.014993,0.017632,0.064734,0,0
-118.289376,34.019183,0.018315,-0.012403,-0.013167,0,0
-118.289376,34.019183,-0.018528,-0.000145,-0.010819,0,0
-118.289416,34.0192,0.012659,-0.005381,0.009961,0,0
-118.289416,34.0192,0.001716,-0.000814,-0.004399,0,0
-118.289416,34.0192,-0.004178,-0.000993,-0.000846,0,0
-118.289416,34.0192,-0.000107,0.003325,0.000683,0,0
-118.289465,34.01922,-0.006159,-0.005449,-0.001572,0,0
-118.289465,34.01922,0.001702,0.004033,0.003991,0,0
-118.289465,34.01922,0.004259,0.001077,-0.003574,0,0
-118.289465,34.01922,0.001109,0.000979,0.002237,0,0
-118.289537,34.019251,-0.007867,0.001431,-0.002177,0,0
-118.289537,34.019251,0.008875,0.012914,0.001492,0,0
-118.289537,34.019251,-0.005132,0.009579,0.001195,0,0
-118.289537,34.019251,0.013224,0.004153,-0.005465,0,0
-118.289619,34.019285,-0.012157,-0.021423,0.006607,0,0
-118.289619,34.019285,-0.000703,0.000117,0.000459,0,0
-118.289619,34.019285,0.003492,-0.001047,-0.001859,0,0
-118.289619,34.019285,-0.012423,-0.001741,0.0007,0,0
-118.289717,34.019326,0.010229,0.003548,-0.00311,0,0
-118.289717,34.019326,-0.003974,0.008637,0.007389,0,0
-118.289717,34.019326,0.006328,-0.001058,-0.008142,0,0
-118.289717,34.019326,0.006042,0.009449,0.006015,0,0
-118.289831,34.019374,-0.003783,0.00429,0.000706,0,0
-118.289831,34.019374,0.007585,0.000168,0.00255,0,0
-118.289831,34.019374,-0.01398,-0.005012,-0.006555,0,0
-118.289831,34.019374,0.008211,0.00408,-0.002321,0,0
-118.289945,34.019422,-0.011348,0.003731,0.008713,0,0
-118.289945,34.019422,0.0079,-0.008718,-0.001419,0,0
-118.289945,34.019422,-0.009468,0.00054,-0.001417,0,0
-118.289945,34.019422,0.006884,0.011477,-0.006152,0,0
-118.290053,34.019467,-0.001105,-0.00586,0.002208,0,0
-118.290053,34.019467,-0.007142,0.00277,-0.001151,0,0
-118.290053,34.019467,0.010669,0.001271,0.004637,0,0
-118.290053,34.019467,-0.013121,-0.002365,0.003954,0,0
-118.290147,34.019507,0.014122,-0.001685,-0.011142,0,0
-118.290147,34.019507,-0.020243,0.00415,0.005802,0,0
-118.290147,34.019507,0.013915,0.003471,0.001554,0,0
-118.290147,34.019507,0.002216,0.000812,-0.000132,0,0
-118.29023,34.019542,-0.004872,-0.004327,-0.00598,0,0
-118.29023,34.019542,-0.018743,0.000019,0.009135,0,0
-118.29023,34.019542,0.020308,0.00933,-0.005186,0,0
-118.29023,34.019542,-0.006471,0.001973,0.001285,0,0
-118.290301,34.019572,0.007522,0.000146,-0.000599,0,0
-118.290301,34.019572,-0.005323,-0.003005,-0.003286,0,0
-118.290301,34.019572,0.003632,0.000935,0.002222,0,0
-118.290301,34.019572,-0.00092,0.000636,-0.002524,0,0
-118.29035,34.019592,0.002959,-0.004419,0.001114,0,0
-118.29035,34.019592,0.000543,-0.000918,0.002798,0,0
-118.29035,34.019592,-0.005223,-0.000918,-0.004245,0,0
-118.29035,34.019592,0.008103,-0.014607,0.003311,0,0
-118.290374,34.019603,-0.001298,-0.00234,-0.00094,0,0
-118.290374,34.019603,-0.003927,0.00108,0.000622,0,0
-118.290374,34.019603,0.002872,-0.001237,-0.003029,0,0
-118.290374,34.019603,-0.00084,-0.005351,0.004156,0,0
-118.290389,34.019609,0.000263,-0.008082,0.000025,0,0
-118.290389,34.019609,-0.002307,-0.001131,-0.002735,0,0
-118.290389,34.019609,-0.004809,-0.003353,0.002398,0,0
-118.290389,34.019609,0.009896,0.006351,-0.003166,0,0
-118.290414,34.01962,-0.028558,0.008984,0.000504,0,0
-118.290414,34.01962,0.005494,0.009901,0.001558,0,0
-118.290414,34.01962,-0.007707,-0.005465,0.002805,0,0
-118.290414,34.01962,-0.000279,0.005801,-0.009165,0,0
-118.290452,34.019635,0.002707,-0.003674,0.004925,0,0
-118.290452,34.019635,0.00311,-0.007685,-0.004492,0,0
-118.290452,34.019635,0.005538,-0.006428,0.00428,0,0
-118.290452,34.019635,-0.001106,-0.007456,0.001612,0,0
-118.290507,34.019694,0.005186,-0.005153,0.002504,0,0
-118.290507,34.019694,0.003333,0.002396,-0.009202,0,0
-118.290507,34.019694,0.017512,-0.005945,-0.006608,0,0
-118.290507,34.019694,-0.002292,0.00687,0.01689,0,0
-118.290488,34.019722,0.003493,0.00286,-0.012368,0,0
-118.290488,34.019722,-0.025508,0.010347,0.006173,0,0
-118.290488,34.019722,0.020232,-0.004027,-0.000168,0,0
-118.290488,34.019722,0.001021,-0.005189,0.000794,0,0
-118.290465,34.019758,0.00078,-0.000934,0.000622,0,0
-118.290465,34.019758,0.00801,0.001618,0.005822,0,0
-118.290465,34.019758,-0.016151,-0.00054,-0.006252,0,0
-118.290465,34.019758,0.011194,-0.004735,0.000196,0,0
-118.290428,34.019815,-0.00571,0.014074,-0.003106,0,0
-118.290428,34.019815,0.012216,0.010703,0.001466,0,0
-118.290428,34.019815,-0.039756,-0.003023,0.003029,0,0
-118.290428,34.019815,0.042557,0.00581,0.001447,0,0
-118.290383,34.019884,-0.001495,0.000555,-0.011265,0,0
-118.290383,34.019884,-0.003226,-0.001417,-0.004724,0,0
-118.290383,34.019884,-0.006442,-0.002781,0.02003,0,0
-118.290383,34.019884,-0.012515,0.001808,-0.009255,0,0
-118.290339,34.019952,0.003571,-0.0123,0.007126,0,0
-118.290339,34.019952,-0.001989,0.016515,-0.006426,0,0
-118.290339,34.019952,0.006456,-0.000559,-0.00332,0,0
-118.290339,34.019952,-0.00871,-0.003305,0.003152,0,0
-118.290296,34.020019,-0.004564,-0.000316,-0.001775,0,0
-118.290296,34.020019,0.037799,0.009241,-0.008664,0,0
-118.290296,34.020019,-0.032059,0.008514,0.016157,0,0
-118.290296,34.020019,-0.004035,-0.009302,0.00606,0,0
-118.290253,34.020086,0.026903,-0.004347,-0.008622,0,0
-118.290253,34.020086,-0.020005,0.011348,0.004763,0,0
-118.290253,34.020086,-0.002648,0.006266,0.003054,0,0
-118.290253,34.020086,-0.000615,0.001931,0.001414,0,0
-118.290218,34.02014,0.013593,-0.000909,-0.009362,0,0
-118.290218,34.02014,0.000702,-0.028866,-0.002228,0,0
-118.290218,34.02014,-0.014917,-0.001484,0.005647,0,0
-118.290218,34.02014,0.01101,0.006151,-0.003635,0,0
-118.290195,34.020175,-0.009144,-0.003569,-0.003334,0,0
-118.290195,34.020175,0.007556,-0.007347,0.000629,0,0
-118.290195,34.020175,-0.013496,0.015219,0.000728,0,0
-118.290195,34.020175,0.016059,0.003543,0.000317,0,0
-118.290177,34.020203,-0.010335,-0.002286,0.005986,0,0
-118.290177,34.020203,0.00061,0.003862,0.000745,0,0
-118.290177,34.020203,0.015446,-0.003991,-0.0033,0,0
-118.290177,34.020203,-0.019173,0.005068,0.00011,0,0
-118.290161,34.020228,0.01113,-0.006484,0.000143,0,0
-118.290161,34.020228,-0.002919,-0.00954,-0.000053,0,0
-118.290161,34.020228,0.000274,0.000717,-0.002544,0,0
-118.290161,34.020228,0.006646,-0.006088,-0.004358,0,0
-118.290144,34.020253,-0.015712,-0.018692,0.007005,0,0
-118.290144,34.020253,0.009152,-0.007344,0.000442,0,0
-118.290144,34.020253,0.00143,0.000363,-0.006974,0,0
-118.290144,34.020253,0.000145,0.004775,0.002538,0,0
-118.290128,34.020279,-0.00886,0.008877,0.002707,0,0
-118.290128,34.020279,0.00338,0.000912,0.004912,0,0
-118.290128,34.020279,0.001148,0.005437,0.000009,0,0
-118.290128,34.020279,-0.018486,-0.003814,0.001155,0,0
-118.290111,34.020305,0.025992,-0.000974,-0.013697,0,0
-118.290111,34.020305,-0.011486,-0.019993,0.003278,0,0
-118.290111,34.020305,0.007198,0.03573,-0.001327,0,0
-118.290111,34.020305,-0.001719,-0.023602,-0.018293,0,0
-118.290111,34.020305,0.010185,0.009554,0.024285,0,0
-118.290081,34.020352,-0.007137,-0.004195,0.002259,0,0
-118.290081,34.020352,-0.001218,0.005298,0.010865,0,0
-118.290081,34.020352,-0.010248,0.006989,-0.015623,0,0
-118.290043,34.020411,0.009401,-0.002015,0.002749,0,0
-118.290043,34.020411,-0.005804,0.011992,-0.010932,0,0
-118.290043,34.020411,0.015518,-0.00215,0.006174,0,0
-118.290043,34.020411,-0.004262,0.001459,0.006904,0,0
-118.290043,34.020411,0.003854,-0.004638,-0.007171,0,0
-118.29,34.020477,-0.003579,0.000571,0.006463,0,0
-118.29,34.020477,0.003187,-0.010339,-0.003482,0,0
-118.29,34.020477,-0.011542,0.011555,-0.008273,0,0
-118.29,34.020477,0.001769,-0.00011,0.008323,0,0
-118.28996,34.020541,0.000846,0.003154,-0.002611,0,0
-118.28996,34.020541,0.002945,0.011503,-0.00373,0,0
-118.28996,34.020541,-0.004786,-0.008211,0.006415,0,0
-118.28996,34.020541,0.018197,-0.007982,-0.009675,0,0
-118.289919,34.020608,-0.024534,0.01132,0.013714,0,0
-118.289919,34.020608,0.01026,0.003798,0.006926,0,0
-118.289919,34.020608,-0.008861,0.002426,-0.00998,0,0
-118.289919,34.020608,-0.003274,-0.009288,-0.003155,0,0
-118.289875,34.020677,0.008981,0.00787,0.00991,0,0
-118.289875,34.020677,0.011525,0.006646,-0.002732,0,0
-118.289875,34.020677,-0.016706,0.000313,-0.008128,0,0
-118.289875,34.020677,0.001685,-0.004094,0.006639,0,0
-118.289837,34.020739,0.001858,-0.012883,-0.002029,0,0
-118.289837,34.020739,0.000031,-0.001276,0.000336,0,0
-118.289837,34.020739,-0.001344,-0.000811,-0.001105,0,0
-118.289809,34.020782,-0.000037,0.001824,-0.000237,0,0
-118.289809,34.020782,-0.005141,-0.00071,-0.003098,0,0
-118.289809,34.020782,0.011533,-0.000174,0.002479,0,0
-118.289809,34.020782,0.00708,0.004928,0.000646,0,0
-118.289809,34.020782,-0.010763,-0.000714,-0.000689,0,0
-118.289784,34.020823,0.007339,0.00072,0.001097,0,0
-118.289784,34.020823,-0.01119,0.000202,0.001733,0,0
-118.289784,34.020823,0.009312,0.000246,-0.002505,0,0
-118.289784,34.020823,-0.008223,0.000288,0.000906,0,0
-118.289767,34.020851,0.004615,-0.005978,-0.001,0,0
-118.289767,34.020851,0.000137,0.002295,0.000579,0,0
-118.289767,34.020851,-0.001173,0.003555,0.000118,0,0
-118.289767,34.020851,0.000951,0.000448,0.000641,0,0
-118.289747,34.020883,-0.005774,-0.00012,-0.002707,0,0
-118.289747,34.020883,0.004934,0.004036,0.000946,0,0
-118.289747,34.020883,-0.003176,0.002894,0.004738,0,0
-118.289747,34.020883,0.001014,0.003625,-0.005899,0,0
-118.289728,34.020914,-0.002046,0.002995,0.002868,0,0
-118.289728,34.020914,0.003972,0.0008,0.000974,0,0
-118.289728,34.020914,-0.003205,-0.008065,0.00023,0,0
-118.289728,34.020914,0.002893,-0.015986,-0.00134,0,0
-118.28971,34.020942,-0.001607,0.000683,-0.00044,0,0
-118.28971,34.020942,0.00246,-0.002577,0.001226,0,0
-118.28971,34.020942,0.000118,-0.006029,-0.003023,0,0
-118.28971,34.020942,0.000697,-0.002917,-0.000166,0,0
-118.289699,34.020959,-0.000573,-0.002737,0.001516,0,0
-118.289699,34.020959,0.00825,0.000512,-0.000842,0,0
-118.289699,34.020959,-0.006425,-0.001915,0.001908,0,0
-118.289699,34.020959,0.005984,0.00311,-0.001872,0,0
-118.289695,34.020967,0.001137,0.003918,0.000126,0,0
-118.289695,34.020967,0.009127,0.002099,0.003376,0,0
-118.289695,34.020967,0.004438,0.002143,-0.002511,0,0
-118.289695,34.020967,-0.009561,-0.00154,0.002611,0,0
-118.289691,34.020973,0.012452,-0.001861,0.002494,0,0
-118.289691,34.020973,-0.003666,0.000179,-0.002195,0,0
-118.289691,34.020973,-0.007831,-0.000654,-0.001614,0,0
-118.289691,34.020973,0.01139,-0.001528,-0.001447,0,0
-118.289682,34.020988,-0.012124,-0.00103,0.003675,0,0
-118.289682,34.020988,0.004928,-0.00072,-0.005012,0,0
-118.289682,34.020988,-0.00848,-0.000478,0.002314,0,0
-118.289682,34.020988,0.009018,-0.001536,0.002978,0,0
-118.28966,34.021022,0.003423,0.008019,0.001615,0,0
-118.28966,34.021022,-0.014586,-0.005398,-0.00853,0,0
-118.28966,34.021022,-0.002536,-0.001078,-0.000742,0,0
-118.28966,34.021022,0.001344,-0.003685,0.004092,0,0
-118.289653,34.021033,-0.004366,0.007638,0.001004,0,0
-118.289653,34.021033,-0.012622,-0.008329,-0.002171,0,0
-118.289653,34.021033,0.00007,0.009579,0.002113,0,0
-118.289653,34.021033,-0.007031,-0.010954,0.007802,0,0
-118.289666,34.021017,0.01958,0.010314,-0.014999,0,0
-118.289666,34.021017,0.016107,0.003912,0.002707,0,0
-118.289666,34.021017,-0.02249,-0.004655,0.003338,0,0
-118.289666,34.021017,0.009246,0.006004,0.004371,0,0
-118.28965,34.021245,-0.002763,-0.013097,-0.011369,0,0
-118.28965,34.021245,-0.005273,0.013766,0.007517,0,0
-118.28965,34.021245,-0.007954,-0.004406,0.001962,0,0
-118.28965,34.021245,0.013579,0.006169,-0.001587,0,0
-118.289743,34.021287,-0.010495,-0.003333,0.00126,0,0
-118.289743,34.021287,0.012561,0.002795,0.007775,0,0
-118.289743,34.021287,-0.011287,0.004799,-0.009099,0,0
-118.289743,34.021287,0.00504,-0.006224,-0.015188,0,0
-118.289851,34.021335,-0.00314,0.00562,0.010529,0,0
-118.289851,34.021335,-0.000246,0.028516,0.006594,0,0
-118.289851,34.021335,0.001676,-0.020189,-0.005301,0,0
-118.289851,34.021335,-0.01008,0.005475,0.005668,0,0
-118.28996,34.021384,0.011799,0.00351,0.021813,0,0
-118.28996,34.021384,-0.001917,0.018454,-0.038367,0,0
-118.28996,34.021384,0.003022,-0.014379,0.010677,0,0
-118.28996,34.021384,0.00004,0.004017,-0.000081,0,0
-118.290076,34.021436,0.001189,-0.008119,0.012592,0,0
-118.290076,34.021436,-0.017075,-0.011559,-0.010719,0,0
-118.290076,34.021436,0.020561,-0.004254,0.004897,0,0
-118.290076,34.021436,-0.017265,-0.004531,-0.002961,0,0
-118.290166,34.021477,0.014432,0.009424,-0.002074,0,0
-118.290166,34.021477,-0.015115,-0.00194,0.005444,0,0
-118.290166,34.021477,0.001862,-0.00209,-0.012589,0,0
-118.290166,34.021477,0.015115,0.007967,0.007528,0,0
-118.290242,34.021511,-0.017615,-0.008681,-0.005208,0,0
-118.290242,34.021511,0.011383,-0.015423,0.039736,0,0
-118.290242,34.021511,0.011494,0.01871,-0.032531,0,0
-118.290242,34.021511,-0.007406,-0.025466,-0.042576,0,0
-118.290301,34.021538,-0.001249,0.013579,0.070205,1,0
-118.290301,34.021538,-0.008035,0.0016,-0.053567,0,0
-118.290301,34.021538,0.000761,0.0068,0.038211,0,0
-118.290301,34.021538,0.003566,-0.011449,-0.015564,0,0
-118.290345,34.021557,0.005788,-0.013965,-0.000778,0,0
-118.290345,34.021557,-0.007918,-0.000923,0.001757,0,0
-118.290345,34.021557,0.013979,0.00255,0.003319,0,0
-118.290345,34.021557,-0.014099,0.011242,0.001777,0,0
-118.290395,34.02158,0.012308,0.001148,-0.003149,0,0
-118.290395,34.02158,-0.01343,0.002234,-0.003132,0,0
-118.290395,34.02158,0.004473,0.003026,0.00288,0,0
-118.290395,34.02158,-0.004822,-0.000935,0.000585,0,0
-118.290446,34.021603,-0.006845,0.006232,-0.002342,0,0
-118.290446,34.021603,0.005777,-0.010076,-0.001736,0,0
-118.290446,34.021603,-0.010789,0.003395,0.000997,0,0
-118.290446,34.021603,0.016409,0.00625,0.008474,0,0
-118.290525,34.021638,0.005007,-0.002944,-0.010828,0,0
-118.290525,34.021638,-0.007638,0.002805,0.00347,0,0
-118.290525,34.021638,0.024796,0.000456,0.004473,0,0
-118.290525,34.021638,-0.022386,0.005614,-0.000325,0,0
-118.290591,34.021667,0.024547,-0.005444,-0.003513,0,0
-118.290591,34.021667,-0.020377,-0.002875,0.001872,0,0
-118.290591,34.021667,-0.000713,0.003792,-0.005289,0,0
-118.290591,34.021667,-0.00293,-0.004671,0.0048,0,0
-118.290651,34.021695,0.00061,-0.007662,-0.006557,0,0
-118.290651,34.021695,0.007067,-0.001978,0.00688,0,0
-118.290651,34.021695,-0.002682,0.01359,-0.000137,0,0
-118.290651,34.021695,0.006412,0.000594,-0.007932,0,0
-118.290705,34.021719,-0.023084,-0.011527,0.016745,0,0
-118.290705,34.021719,0.019683,0.00448,-0.008768,0,0
-118.290705,34.021719,0.007714,0.004125,-0.00687,0,0
-118.290705,34.021719,-0.013044,-0.001368,0.007517,0,0
-118.290764,34.021745,-0.01675,0.004825,-0.00215,0,0
-118.290764,34.021745,0.012568,0.000618,0.000594,0,0
-118.290764,34.021745,0.001444,-0.009944,-0.000873,0,0
-118.290764,34.021745,0.00182,-0.002382,0.000087,0,0