Date,Speed,Altitude,Pressure,X,Y,Z,G,Latitude,Longitude,Heading,Magnetic Field,Sound Level,Luminance
"2017-09-10 10:41:41.723",1.260000,53.535820,0.000000,0.061111,0.097855,-1.052109,1.058415,34.019606,-118.290387,217.769348,0.000000,-120.000000,0.000000
"2017-09-10 10:41:41.793",1.260000,53.535820,0.000000,0.084412,0.034332,-0.990005,0.994191,34.019606,-118.290387,217.769348,0.000000,-33.166153,0.000000
"2017-09-10 10:41:41.893",1.260000,53.535820,0.000000,0.076660,0.050888,-0.987228,0.991507,34.019606,-118.290387,217.769348,0.000000,-28.347664,0.000000
"2017-09-10 10:41:41.995",1.260000,53.535820,0.000000,0.065475,0.049957,-1.025116,1.028419,34.019606,-118.290387,217.769348,0.000000,-29.284456,0.000000
"2017-09-10 10:41:42.093",0.940000,53.527092,0.000000,0.063080,0.031570,-0.991928,0.994433,34.019603,-118.290375,217.769348,0.000000,-31.616535,0.000000
"2017-09-10 10:41:42.194",0.940000,53.527092,0.000000,0.104736,0.023392,-0.997665,1.003421,34.019603,-118.290375,217.769348,0.000000,-26.940523,0.000000
"2017-09-10 10:41:42.294",0.940000,53.527092,0.000000,0.090790,0.039459,-0.994308,0.999224,34.019603,-118.290375,217.769348,0.000000,-26.819836,0.000000
"2017-09-10 10:41:42.394",0.940000,53.527092,0.000000,0.089569,0.051132,-1.008759,1.014017,34.019603,-118.290375,217.769348,0.000000,-28.887833,0.000000
"2017-09-10 10:41:42.495",0.940000,53.527092,0.000000,0.068680,0.042725,-1.017288,1.020499,34.019603,-118.290375,217.769348,0.000000,-27.672096,0.000000
"2017-09-10 10:41:42.595",0.940000,53.527092,0.000000,0.076248,0.020279,-1.001648,1.004751,34.019603,-118.290375,217.769348,0.000000,-27.876375,0.000000
"2017-09-10 10:41:42.695",0.940000,53.527092,0.000000,0.043503,0.020126,-0.993073,0.994229,34.019603,-118.290375,217.769348,0.000000,-30.479345,0.000000
"2017-09-10 10:41:42.794",0.940000,53.527092,0.000000,0.049240,0.025360,-0.994064,0.995606,34.019603,-118.290375,217.769348,0.000000,-33.002586,0.000000
"2017-09-10 10:41:42.898",0.940000,53.527092,0.000000,0.065063,0.040070,-1.001389,1.004300,34.019603,-118.290375,217.769348,0.000000,-29.607988,0.000000
"2017-09-10 10:41:42.995",0.940000,53.527092,0.000000,0.041107,0.050888,-1.005463,1.007588,34.019603,-118.290375,217.769348,0.000000,-27.660936,0.000000
"2017-09-10 10:41:43.091",0.980000,53.791374,0.000000,0.026230,0.027893,-1.003220,1.003950,34.019599,-118.290363,217.769348,0.000000,-30.373163,0.000000
"2017-09-10 10:41:43.194",0.980000,53.791374,0.000000,0.015503,0.027008,-1.006378,1.006860,34.019599,-118.290363,217.769348,0.000000,-32.520962,0.000000
"2017-09-10 10:41:43.294",0.980000,53.791374,0.000000,0.012222,0.037399,-1.012283,1.013048,34.019599,-118.290363,217.769348,0.000000,-28.087643,0.000000
"2017-09-10 10:41:43.394",0.980000,53.791374,0.000000,0.030823,0.048706,-0.992172,0.993845,34.019599,-118.290363,217.769348,0.000000,-27.745417,0.000000
"2017-09-10 10:41:43.494",0.980000,53.791374,0.000000,0.024109,0.027145,-1.002991,1.003648,34.019599,-118.290363,217.769348,0.000000,-30.051718,0.000000
"2017-09-10 10:41:43.594",0.980000,53.791374,0.000000,0.019333,0.029236,-0.991608,0.992227,34.019599,-118.290363,217.769348,0.000000,-30.203045,0.000000
"2017-09-10 10:41:43.694",0.980000,53.791374,0.000000,0.041718,0.016205,-1.004944,1.005940,34.019599,-118.290363,217.769348,0.000000,-28.275581,0.000000
"2017-09-10 10:41:43.794",0.980000,53.791374,0.000000,0.011520,0.045593,-0.999527,1.000633,34.019599,-118.290363,217.769348,0.000000,-30.437395,0.000000
"2017-09-10 10:41:43.894",0.980000,53.791374,0.000000,0.030914,0.034927,-1.008774,1.009852,34.019599,-118.290363,217.769348,0.000000,-32.402164,0.000000
"2017-09-10 10:41:43.994",0.980000,53.791374,0.000000,0.103928,0.048172,-0.994812,1.001385,34.019599,-118.290363,217.769348,0.000000,-29.358803,0.000000
"2017-09-10 10:41:44.092",0.400000,53.735283,0.000000,0.139633,0.025452,-0.979431,0.989662,34.019594,-118.290354,217.769348,0.000000,-30.683020,0.000000
"2017-09-10 10:41:44.198",0.400000,53.735283,0.000000,0.122253,0.037399,-0.969131,0.977528,34.019594,-118.290354,217.769348,0.000000,-26.104738,0.000000
"2017-09-10 10:41:44.294",0.400000,53.735283,0.000000,0.109299,0.026520,-0.998947,1.005259,34.019594,-118.290354,217.769348,0.000000,-28.650928,0.000000
"2017-09-10 10:41:44.393",0.400000,53.735283,0.000000,0.150513,0.027451,-1.031479,1.042764,34.019594,-118.290354,217.769348,0.000000,-24.547983,0.000000
"2017-09-10 10:41:44.494",0.400000,53.735283,0.000000,0.095230,0.044861,-0.984665,0.990276,34.019594,-118.290354,217.769348,0.000000,-26.641489,0.000000
"2017-09-10 10:41:44.594",0.400000,53.735283,0.000000,0.155273,0.026154,-0.998505,1.010844,34.019594,-118.290354,217.769348,0.000000,-24.058926,0.000000
"2017-09-10 10:41:44.694",0.400000,53.735283,0.000000,0.107025,0.042084,-0.977707,0.984447,34.019594,-118.290354,217.769348,0.000000,-23.397406,0.000000
"2017-09-10 10:41:44.794",0.400000,53.735283,0.000000,0.144653,0.014160,-0.993942,1.004513,34.019594,-118.290354,217.769348,0.000000,-25.207790,0.000000
"2017-09-10 10:41:44.894",0.400000,53.735283,0.000000,0.131729,0.027649,-0.983215,0.992386,34.019594,-118.290354,217.769348,0.000000,-25.241224,0.000000
"2017-09-10 10:41:44.994",0.400000,53.735283,0.000000,0.166199,0.032257,-0.989227,1.003610,34.019594,-118.290354,217.769348,0.000000,-27.861763,0.000000
"2017-09-10 10:41:45.091",0.940000,53.874748,0.000000,0.197800,0.034714,-0.988449,1.008643,34.019592,-118.290346,217.769348,0.000000,-29.949009,0.000000
"2017-09-10 10:41:45.194",0.940000,53.874748,0.000000,0.237946,0.025681,-0.989151,1.017692,34.019592,-118.290346,217.769348,0.000000,-27.830858,0.000000
"2017-09-10 10:41:45.294",0.940000,53.874748,0.000000,0.281906,0.024475,-0.977127,1.017275,34.019592,-118.290346,217.769348,0.000000,-30.981462,0.000000
"2017-09-10 10:41:45.393",0.940000,53.874748,0.000000,0.289047,0.034256,-0.967453,1.010291,34.019592,-118.290346,217.769348,0.000000,-33.096237,0.000000
"2017-09-10 10:41:45.495",0.940000,53.874748,0.000000,0.315262,0.037704,-1.005997,1.054913,34.019592,-118.290346,217.769348,0.000000,-33.665096,0.000000
"2017-09-10 10:41:45.594",0.940000,53.874748,0.000000,0.314697,0.006577,-0.998810,1.047234,34.019592,-118.290346,217.769348,0.000000,-26.238792,0.000000
"2017-09-10 10:41:45.694",0.940000,53.874748,0.000000,0.254684,-0.029434,-0.940948,0.975251,34.019592,-118.290346,217.769348,0.000000,-28.155117,0.000000
"2017-09-10 10:41:45.794",0.940000,53.874748,0.000000,0.264496,-0.077133,-0.945328,0.984658,34.019592,-118.290346,217.769348,0.000000,-30.154501,0.000000
"2017-09-10 10:41:45.894",0.940000,53.874748,0.000000,0.261597,0.039963,-0.984558,1.019502,34.019592,-118.290346,217.769348,0.000000,-29.396837,0.000000
"2017-09-10 10:41:45.994",0.940000,53.874748,0.000000,0.288803,0.053070,-0.975266,1.018512,34.019592,-118.290346,217.769348,0.000000,-27.524990,0.000000
"2017-09-10 10:41:46.090",0.940000,53.874748,0.000000,0.220779,-0.033936,-0.951828,0.977687,34.019592,-118.290346,217.769348,0.000000,-28.644215,0.000000
"2017-09-10 10:41:46.194",0.940000,53.966606,0.000000,0.236923,0.006989,-0.985474,1.013578,34.019588,-118.290336,218.797684,0.000000,-27.584375,0.000000
"2017-09-10 10:41:46.294",0.940000,53.966606,0.000000,0.242035,0.080338,-0.952286,0.985841,34.019588,-118.290336,218.797684,0.000000,-28.302578,0.000000
"2017-09-10 10:41:46.394",0.940000,53.966606,0.000000,0.188507,0.031921,-1.023880,1.041578,34.019588,-118.290336,218.797684,0.000000,-29.823296,0.000000
"2017-09-10 10:41:46.494",0.940000,53.966606,0.000000,0.199142,-0.063629,-1.016556,1.037830,34.019588,-118.290336,218.797684,0.000000,-32.046524,0.000000
"2017-09-10 10:41:46.594",0.940000,53.966606,0.000000,0.226273,0.018402,-0.947479,0.974297,34.019588,-118.290336,218.797684,0.000000,-28.019201,0.000000
"2017-09-10 10:41:46.694",0.940000,53.966606,0.000000,0.215515,0.027679,-0.979401,1.003214,34.019588,-118.290336,219.863129,0.000000,-30.150009,0.000000
"2017-09-10 10:41:46.798",0.940000,53.966606,0.000000,0.192032,0.093018,-1.056961,1.078283,34.019588,-118.290336,219.863129,0.000000,-31.710035,0.000000
"2017-09-10 10:41:46.894",0.940000,53.966606,0.000000,0.181061,0.048157,-0.988174,1.005779,34.019588,-118.290336,219.863129,0.000000,-29.846628,0.000000
"2017-09-10 10:41:46.994",0.940000,53.966606,0.000000,0.221298,-0.034103,-0.998703,1.023496,34.019588,-118.290336,219.863129,0.000000,-31.089909,0.000000
"2017-09-10 10:41:47.091",3.460000,54.223320,0.000000,0.220978,0.029739,-1.119217,1.141211,34.019566,-118.290304,220.891159,0.000000,-29.348389,0.000000
"2017-09-10 10:41:47.194",3.460000,54.223320,0.000000,0.079102,0.053040,-1.166565,1.170446,34.019566,-118.290304,220.891159,0.000000,-31.299551,0.000000
"2017-09-10 10:41:47.294",3.460000,54.223320,0.000000,0.174500,0.020660,-0.922882,0.939462,34.019566,-118.290304,220.891159,0.000000,-26.613873,0.000000
"2017-09-10 10:41:47.394",3.460000,54.223320,0.000000,0.172089,-0.003922,-0.898834,0.915168,34.019566,-118.290304,220.891159,0.000000,-26.028683,0.000000
"2017-09-10 10:41:47.494",3.460000,54.223320,0.000000,0.141281,-0.014267,-0.951843,0.962377,34.019566,-118.290304,220.891159,0.000000,-26.077471,0.000000
"2017-09-10 10:41:47.594",3.460000,54.223320,0.000000,0.193634,-0.012894,-0.917587,0.937884,34.019566,-118.290304,220.891159,0.000000,-25.754782,0.000000
"2017-09-10 10:41:47.695",3.460000,54.223320,0.000000,0.144104,0.051010,-1.027206,1.038519,34.019566,-118.290304,221.902435,0.000000,-27.561544,0.000000
"2017-09-10 10:41:47.794",3.460000,54.223320,0.000000,0.210953,0.073273,-1.103668,1.126034,34.019566,-118.290304,221.902435,0.000000,-26.686359,0.000000
"2017-09-10 10:41:47.894",3.460000,54.223320,0.000000,0.265579,0.007187,-0.989639,1.024680,34.019566,-118.290304,221.902435,0.000000,-26.899342,0.000000
"2017-09-10 10:41:47.995",3.460000,54.223320,0.000000,0.122391,-0.017715,-0.934143,0.942293,34.019566,-118.290304,221.902435,0.000000,-29.681717,0.000000
"2017-09-10 10:41:48.091",4.720000,54.226738,0.000000,0.306152,-0.039062,-0.961426,1.009750,34.019547,-118.290261,221.902435,0.000000,-25.117828,0.000000
"2017-09-10 10:41:48.194",4.720000,54.226738,0.000000,0.280365,0.110672,-1.051971,1.094302,34.019547,-118.290261,221.902435,0.000000,-27.499609,0.000000
"2017-09-10 10:41:48.294",4.720000,54.226738,0.000000,0.232040,0.009933,-1.010406,1.036756,34.019547,-118.290261,222.963440,0.000000,-29.924383,0.000000
"2017-09-10 10:41:48.395",4.720000,54.226738,0.000000,0.190201,0.011948,-0.974228,0.992693,34.019547,-118.290261,222.963440,0.000000,-29.995502,0.000000
"2017-09-10 10:41:48.494",4.720000,54.226738,0.000000,0.176331,0.047028,-0.985611,1.002364,34.019547,-118.290261,222.963440,0.000000,-25.818655,0.000000
"2017-09-10 10:41:48.594",4.720000,54.226738,0.000000,0.211777,0.078278,-1.021011,1.045677,34.019547,-118.290261,222.963440,0.000000,-23.820524,0.000000
"2017-09-10 10:41:48.694",4.720000,54.226738,0.000000,0.241409,0.039230,-0.950058,0.981034,34.019547,-118.290261,222.963440,0.000000,-25.945370,0.000000
"2017-09-10 10:41:48.794",4.720000,54.226738,0.000000,0.213638,0.032822,-1.027786,1.050268,34.019547,-118.290261,222.963440,0.000000,-28.837296,0.000000
"2017-09-10 10:41:48.894",4.720000,54.226738,0.000000,0.146759,0.063416,-1.001465,1.014146,34.019547,-118.290261,222.963440,0.000000,-20.222330,0.000000
"2017-09-10 10:41:48.994",4.720000,54.226738,0.000000,0.158829,0.037094,-1.020523,1.033475,34.019547,-118.290261,222.963440,0.000000,-22.592978,0.000000
"2017-09-10 10:41:49.091",6.380000,54.458977,0.000000,0.129044,0.005005,-1.019730,1.027874,34.019522,-118.290194,222.963440,0.000000,-20.845768,0.000000
"2017-09-10 10:41:49.194",6.380000,54.458977,0.000000,0.184006,0.001892,-0.959106,0.976600,34.019522,-118.290194,222.963440,0.000000,-21.317911,0.000000
"2017-09-10 10:41:49.294",6.380000,54.458977,0.000000,0.201370,0.076950,-0.931076,0.955706,34.019522,-118.290194,222.963440,0.000000,-22.382614,0.000000
"2017-09-10 10:41:49.398",6.380000,54.458977,0.000000,0.057434,0.096100,-1.008530,1.014725,34.019522,-118.290194,222.963440,0.000000,-23.937096,0.000000
"2017-09-10 10:41:49.495",6.380000,54.458977,0.000000,0.187912,-0.086578,-1.010117,1.031088,34.019522,-118.290194,223.988449,0.000000,-19.800905,0.000000
"2017-09-10 10:41:49.594",6.380000,54.458977,0.000000,0.250748,-0.015427,-1.066238,1.095434,34.019522,-118.290194,223.988449,0.000000,-21.526741,0.000000
"2017-09-10 10:41:49.695",6.380000,54.458977,0.000000,0.200027,0.023956,-0.956848,0.977826,34.019522,-118.290194,223.988449,0.000000,-24.186319,0.000000
"2017-09-10 10:41:49.793",6.380000,54.458977,0.000000,0.184250,-0.030594,-0.989777,1.007245,34.019522,-118.290194,223.988449,0.000000,-24.307858,0.000000
"2017-09-10 10:41:49.894",6.380000,54.458977,0.000000,0.200256,0.073822,-0.958740,0.982209,34.019522,-118.290194,223.988449,0.000000,-26.924896,0.000000
"2017-09-10 10:41:49.994",6.380000,54.458977,0.000000,0.181229,0.046326,-1.017075,1.034133,34.019522,-118.290194,223.988449,0.000000,-25.397675,0.000000
"2017-09-10 10:41:50.092",6.380000,54.458977,0.000000,0.149689,0.019379,-1.006332,1.017589,34.019522,-118.290194,223.988449,0.000000,-27.851564,0.000000
"2017-09-10 10:41:50.193",6.370000,54.629753,0.000000,0.204437,0.078232,-0.981354,1.005470,34.019495,-118.290133,223.988449,0.000000,-23.224192,0.000000
"2017-09-10 10:41:50.293",6.370000,54.629753,0.000000,0.130051,0.073486,-0.987595,0.998828,34.019495,-118.290133,223.988449,0.000000,-25.475428,0.000000
"2017-09-10 10:41:50.394",6.370000,54.629753,0.000000,0.203598,0.021286,-0.945312,0.967223,34.019495,-118.290133,223.988449,0.000000,-22.607786,0.000000
"2017-09-10 10:41:50.494",6.370000,54.629753,0.000000,0.164169,0.009567,-0.935272,0.949620,34.019495,-118.290133,223.988449,0.000000,-26.261700,0.000000
"2017-09-10 10:41:50.594",6.370000,54.629753,0.000000,0.132904,0.054520,-1.067535,1.077157,34.019495,-118.290133,223.988449,0.000000,-28.193388,0.000000
"2017-09-10 10:41:50.698",6.370000,54.629753,0.000000,0.203659,0.046478,-1.103668,1.123263,34.019495,-118.290133,223.988449,0.000000,-28.323280,0.000000
"2017-09-10 10:41:50.795",6.370000,54.629753,0.000000,0.143463,-0.021240,-0.943451,0.954533,34.019495,-118.290133,225.002914,0.000000,-30.376511,0.000000
"2017-09-10 10:41:50.895",6.370000,54.629753,0.000000,0.196182,0.006531,-0.996506,1.015654,34.019495,-118.290133,225.002914,0.000000,-26.270420,0.000000
"2017-09-10 10:41:50.995",6.370000,54.629753,0.000000,0.138229,0.120911,-1.009628,1.026195,34.019495,-118.290133,225.002914,0.000000,-24.514559,0.000000
"2017-09-10 10:41:51.092",8.150000,54.805290,0.000000,0.125610,0.066727,-1.013214,1.023149,34.019461,-118.290050,225.002914,0.000000,-26.716377,0.000000
"2017-09-10 10:41:51.194",8.150000,54.805290,0.000000,0.098312,0.043747,-0.951675,0.957740,34.019461,-118.290050,225.002914,0.000000,-26.349272,0.000000
"2017-09-10 10:41:51.294",8.150000,54.805290,0.000000,0.122650,-0.029755,-0.949692,0.958041,34.019461,-118.290050,225.002914,0.000000,-22.799822,0.000000
"2017-09-10 10:41:51.395",8.150000,54.805290,0.000000,0.144989,0.040314,-0.917648,0.929906,34.019461,-118.290050,225.002914,0.000000,-24.948845,0.000000
"2017-09-10 10:41:51.494",8.150000,54.805290,0.000000,0.140671,0.026917,-1.036896,1.046740,34.019461,-118.290050,225.002914,0.000000,-26.765575,0.000000
"2017-09-10 10:41:51.594",8.150000,54.805290,0.000000,0.226379,0.070129,-0.988037,1.016063,34.019461,-118.290050,225.002914,0.000000,-25.634392,0.000000
"2017-09-10 10:41:51.694",8.150000,54.805290,0.000000,0.164948,0.081192,-0.998322,1.015109,34.019461,-118.290050,225.002914,0.000000,-26.220478,0.000000
"2017-09-10 10:41:51.794",8.150000,54.805290,0.000000,0.166016,-0.007431,-0.936340,0.950973,34.019461,-118.290050,225.002914,0.000000,-28.707560,0.000000
"2017-09-10 10:41:51.894",8.150000,54.805290,0.000000,0.165070,0.012207,-0.896896,0.912042,34.019461,-118.290050,225.002914,0.000000,-24.137066,0.000000
"2017-09-10 10:41:51.994",8.150000,54.805290,0.000000,0.059296,0.041931,-0.995956,0.998601,34.019461,-118.290050,225.002914,0.000000,-21.389456,0.000000
"2017-09-10 10:41:52.092",8.920000,54.938164,0.000000,0.075989,0.145432,-1.212372,1.223426,34.019431,-118.289964,225.002914,0.000000,-24.929655,0.000000
"2017-09-10 10:41:52.194",8.920000,54.938164,0.000000,0.110138,0.095596,-0.939972,0.951218,34.019431,-118.289964,225.002914,0.000000,-25.039770,0.000000
"2017-09-10 10:41:52.293",8.920000,54.938164,0.000000,0.090607,0.031540,-1.006882,1.011442,34.019431,-118.289964,225.002914,0.000000,-24.125311,0.000000
"2017-09-10 10:41:52.395",8.920000,54.938164,0.000000,0.141235,0.143723,-1.125076,1.142979,34.019431,-118.289964,225.002914,0.000000,-20.987255,0.000000
"2017-09-10 10:41:52.494",8.920000,54.938164,0.000000,0.152618,0.025040,-1.001114,1.012990,34.019431,-118.289964,225.002914,0.000000,-22.803629,0.000000
"2017-09-10 10:41:52.594",8.920000,54.938164,0.000000,0.105499,-0.034515,-0.932129,0.938715,34.019431,-118.289964,225.002914,0.000000,-21.085630,0.000000
"2017-09-10 10:41:52.694",8.920000,54.938164,0.000000,0.130447,0.038528,-1.031342,1.040272,34.019431,-118.289964,225.002914,0.000000,-24.424818,0.000000
"2017-09-10 10:41:52.794",8.920000,54.938164,0.000000,0.154785,0.024429,-1.014526,1.026557,34.019431,-118.289964,225.002914,0.000000,-27.638378,0.000000
"2017-09-10 10:41:52.894",8.920000,54.938164,0.000000,0.139191,0.010330,-0.937622,0.947954,34.019431,-118.289964,225.002914,0.000000,-29.208321,0.000000
"2017-09-10 10:41:52.994",8.920000,54.938164,0.000000,0.149628,-0.063034,-0.955948,0.969638,34.019431,-118.289964,225.002914,0.000000,-22.566069,0.000000
"2017-09-10 10:41:53.090",9.310000,55.201836,0.000000,0.061829,0.067551,-1.013626,1.017754,34.019392,-118.289882,225.002914,0.000000,-25.095173,0.000000
"2017-09-10 10:41:53.194",9.310000,55.201836,0.000000,0.170319,0.022003,-1.064102,1.077871,34.019392,-118.289882,225.002914,0.000000,-24.786095,0.000000
"2017-09-10 10:41:53.294",9.310000,55.201836,0.000000,0.120956,0.017334,-0.940750,0.948653,34.019392,-118.289882,225.002914,0.000000,-26.932621,0.000000
"2017-09-10 10:41:53.394",9.310000,55.201836,0.000000,0.142227,0.009537,-0.992249,1.002435,34.019392,-118.289882,225.002914,0.000000,-25.789822,0.000000
"2017-09-10 10:41:53.494",9.310000,55.201836,0.000000,0.049454,0.051254,-1.019608,1.022092,34.019392,-118.289882,225.002914,0.000000,-27.839380,0.000000
"2017-09-10 10:41:53.593",9.310000,55.201836,0.000000,0.093765,0.024536,-0.980865,0.985642,34.019392,-118.289882,225.002914,0.000000,-27.243887,0.000000
"2017-09-10 10:41:53.694",9.310000,55.201836,0.000000,0.149811,0.009247,-0.908142,0.920462,34.019392,-118.289882,225.002914,0.000000,-27.444857,0.000000
"2017-09-10 10:41:53.794",9.310000,55.201836,0.000000,0.069016,0.145187,-0.993820,1.006738,34.019392,-118.289882,225.002914,0.000000,-19.571102,0.000000
"2017-09-10 10:41:53.895",9.310000,55.201836,0.000000,0.143936,0.053162,-0.991837,1.003635,34.019392,-118.289882,225.002914,0.000000,-22.741011,0.000000
"2017-09-10 10:41:53.994",9.310000,55.201836,0.000000,0.123978,-0.005707,-0.961670,0.969645,34.019392,-118.289882,225.002914,0.000000,-25.825695,0.000000
"2017-09-10 10:41:54.092",9.310000,55.201836,0.000000,0.151443,-0.027542,-0.925552,0.938265,34.019392,-118.289882,225.002914,0.000000,-21.227875,0.000000
"2017-09-10 10:41:54.194",9.710000,55.500908,0.000000,0.045731,0.134338,-1.079651,1.088937,34.019355,-118.289786,226.006470,0.000000,-23.013412,0.000000
"2017-09-10 10:41:54.294",9.710000,55.500908,0.000000,0.221817,-0.059998,-0.997116,1.023251,34.019355,-118.289786,226.006470,0.000000,-21.603563,0.000000
"2017-09-10 10:41:54.394",9.710000,55.500908,0.000000,-0.069824,0.035629,-0.888626,0.892077,34.019355,-118.289786,226.006470,0.000000,-24.342344,0.000000
"2017-09-10 10:41:54.494",9.710000,55.500908,0.000000,0.163788,-0.020111,-0.950836,0.965049,34.019355,-118.289786,226.006470,0.000000,-24.800331,0.000000
"2017-09-10 10:41:54.598",9.710000,55.500908,0.000000,-0.021927,0.263748,-1.163620,1.193338,34.019355,-118.289786,226.006470,0.000000,-22.707747,0.000000
"2017-09-10 10:41:54.694",9.710000,55.500908,0.000000,0.217178,0.084915,-0.964783,0.992564,34.019355,-118.289786,226.006470,0.000000,-25.615036,0.000000
"2017-09-10 10:41:54.794",9.710000,55.500908,0.000000,0.021347,-0.046463,-0.893326,0.894788,34.019355,-118.289786,226.006470,0.000000,-20.303810,0.000000
"2017-09-10 10:41:54.895",9.710000,55.500908,0.000000,-0.023514,0.009460,-0.887436,0.887798,34.019355,-118.289786,226.006470,0.000000,-21.121840,0.000000
"2017-09-10 10:41:54.994",9.710000,55.500908,0.000000,0.196411,0.050995,-1.084702,1.103519,34.019355,-118.289786,226.006470,0.000000,-24.172791,0.000000
"2017-09-10 10:41:55.092",9.710000,55.500908,0.000000,0.004715,0.142853,-1.069336,1.078846,34.019355,-118.289786,226.006470,0.000000,-26.357086,0.000000
"2017-09-10 10:41:55.194",9.850000,55.539665,0.000000,0.124313,-0.010162,-1.016602,1.024224,34.019304,-118.289703,226.006470,0.000000,-28.508154,0.000000
"2017-09-10 10:41:55.294",9.850000,55.539665,0.000000,0.009125,0.000046,-0.897552,0.897599,34.019304,-118.289703,226.006470,0.000000,-27.384167,0.000000
"2017-09-10 10:41:55.394",9.850000,55.539665,0.000000,0.021149,0.052078,-1.025223,1.026762,34.019304,-118.289703,226.006470,0.000000,-25.205330,0.000000
"2017-09-10 10:41:55.494",9.850000,55.539665,0.000000,0.050217,0.099487,-1.017105,1.023192,34.019304,-118.289703,226.006470,0.000000,-27.405754,0.000000
"2017-09-10 10:41:55.594",9.850000,55.539665,0.000000,0.073822,0.038010,-1.007462,1.010877,34.019304,-118.289703,226.006470,0.000000,-28.265055,0.000000
"2017-09-10 10:41:55.695",9.850000,55.539665,0.000000,0.036774,-0.033035,-1.009689,1.010899,34.019304,-118.289703,226.006470,0.000000,-31.125937,0.000000
"2017-09-10 10:41:55.795",9.850000,55.539665,0.000000,0.013062,0.073212,-1.062378,1.064978,34.019304,-118.289703,226.006470,0.000000,-25.188799,0.000000
"2017-09-10 10:41:55.898",9.850000,55.539665,0.000000,0.105988,0.056381,-1.075653,1.082332,34.019304,-118.289703,226.006470,0.000000,-23.735897,0.000000
"2017-09-10 10:41:55.997",9.850000,55.539665,0.000000,0.074463,0.028992,-1.030090,1.033185,34.019304,-118.289703,226.006470,0.000000,-23.148645,0.000000
"2017-09-10 10:41:56.091",9.850000,55.648796,0.000000,0.049942,0.001419,-0.820465,0.821985,34.019261,-118.289610,226.006470,0.000000,-22.364807,0.000000
"2017-09-10 10:41:56.194",9.850000,55.648796,0.000000,-0.061234,-0.005753,-0.951904,0.953889,34.019261,-118.289610,226.006470,0.000000,-24.261061,0.000000
"2017-09-10 10:41:56.294",9.850000,55.648796,0.000000,0.046326,0.085693,-1.010452,1.015137,34.019261,-118.289610,226.006470,0.000000,-27.511389,0.000000
"2017-09-10 10:41:56.394",9.850000,55.648796,0.000000,0.017899,0.111160,-1.088806,1.094612,34.019261,-118.289610,226.006470,0.000000,-26.024317,0.000000
"2017-09-10 10:41:56.493",9.850000,55.648796,0.000000,0.050934,0.058640,-1.037964,1.040866,34.019261,-118.289610,224.987930,0.000000,-23.503225,0.000000
"2017-09-10 10:41:56.595",9.850000,55.648796,0.000000,0.057190,-0.023331,-0.897827,0.899949,34.019261,-118.289610,224.987930,0.000000,-23.478430,0.000000
"2017-09-10 10:41:56.694",9.850000,55.648796,0.000000,0.043671,0.052475,-0.942215,0.944685,34.019261,-118.289610,224.987930,0.000000,-27.109879,0.000000
"2017-09-10 10:41:56.793",9.850000,55.648796,0.000000,0.109131,0.139282,-1.018402,1.033659,34.019261,-118.289610,224.987930,0.000000,-22.730566,0.000000
"2017-09-10 10:41:56.895",9.850000,55.648796,0.000000,-0.046158,0.079971,-0.894440,0.899193,34.019261,-118.289610,224.987930,0.000000,-22.103138,0.000000
"2017-09-10 10:41:56.993",9.850000,55.648796,0.000000,0.023621,0.065765,-0.884628,0.887384,34.019261,-118.289610,224.987930,0.000000,-25.432995,0.000000
"2017-09-10 10:41:57.092",9.270000,55.873894,0.000000,0.106995,0.149063,-1.079147,1.094635,34.019234,-118.289509,224.987930,0.000000,-25.563915,0.000000
"2017-09-10 10:41:57.194",9.270000,55.873894,0.000000,0.070480,0.077133,-1.044037,1.049252,34.019234,-118.289509,224.987930,0.000000,-28.442701,0.000000
"2017-09-10 10:41:57.295",9.270000,55.873894,0.000000,0.045700,-0.035324,-0.968155,0.969876,34.019234,-118.289509,224.987930,0.000000,-28.037115,0.000000
"2017-09-10 10:41:57.395",9.270000,55.873894,0.000000,-0.009918,0.112350,-0.987991,0.994408,34.019234,-118.289509,224.987930,0.000000,-29.244204,0.000000
"2017-09-10 10:41:57.495",9.270000,55.873894,0.000000,0.062744,-0.052185,-0.976349,0.979754,34.019234,-118.289509,224.987930,0.000000,-26.031240,0.000000
"2017-09-10 10:41:57.595",9.270000,55.873894,0.000000,0.056534,0.023331,-0.929459,0.931469,34.019234,-118.289509,224.987930,0.000000,-27.309475,0.000000
"2017-09-10 10:41:57.694",9.270000,55.873894,0.000000,0.069122,-0.015747,-0.980637,0.983196,34.019234,-118.289509,224.987930,0.000000,-30.212412,0.000000
"2017-09-10 10:41:57.794",9.270000,55.873894,0.000000,-0.706680,-0.209778,-2.144623,2.267777,34.019234,-118.289509,224.987930,0.000000,-14.869888,0.000000
"2017-09-10 10:41:57.894",9.270000,55.873894,0.000000,-0.368546,0.754623,-2.148834,2.307113,34.019234,-118.289509,224.010223,0.000000,-3.144712,0.000000
"2017-09-10 10:41:57.995",9.270000,55.873894,0.000000,0.128235,0.229980,-0.624893,0.678105,34.019234,-118.289509,224.010223,0.000000,-6.524955,0.000000
"2017-09-10 10:41:58.091",9.270000,55.873894,0.000000,-0.690933,0.452972,-0.953979,1.262002,34.019234,-118.289509,224.010223,0.000000,-1.365922,0.000000
"2017-09-10 10:41:58.194",9.050000,56.052849,0.000000,0.281525,0.400620,-0.630814,0.798547,34.019191,-118.289426,222.827484,0.000000,-4.870799,0.000000
"2017-09-10 10:41:58.294",9.050000,56.052849,0.000000,-0.243362,0.030045,-0.729553,0.769660,34.019191,-118.289426,224.372070,0.000000,-8.168900,0.000000
"2017-09-10 10:41:58.393",9.050000,56.052849,0.000000,0.139221,0.092651,-0.858215,0.874357,34.019191,-118.289426,224.372070,0.000000,-11.152295,0.000000
"2017-09-10 10:41:58.494",9.050000,56.052849,0.000000,0.145142,0.419022,-1.343811,1.415088,34.019191,-118.289426,224.372070,0.000000,-14.028172,0.000000
"2017-09-10 10:41:58.595",9.050000,56.052849,0.000000,0.426498,-0.253433,-1.060760,1.171043,34.019191,-118.289426,224.372070,0.000000,-17.033121,0.000000
"2017-09-10 10:41:58.694",9.050000,56.052849,0.000000,-0.167953,0.015381,-0.959946,0.974649,34.019191,-118.289426,224.372070,0.000000,-19.566916,0.000000
"2017-09-10 10:41:58.792",9.050000,56.052849,0.000000,0.173187,0.043198,-0.870239,0.888356,34.019191,-118.289426,224.372070,0.000000,-18.926275,0.000000
"2017-09-10 10:41:58.894",9.050000,56.052849,0.000000,0.002914,-0.075195,-0.855560,0.858863,34.019191,-118.289426,224.372070,0.000000,-22.158026,0.000000
"2017-09-10 10:41:58.995",9.050000,56.052849,0.000000,0.046432,0.078995,-1.087433,1.091287,34.019191,-118.289426,224.372070,0.000000,-24.021883,0.000000
"2017-09-10 10:41:59.091",8.800000,56.025810,0.000000,0.098434,-0.067719,-1.051331,1.058098,34.019157,-118.289342,224.372070,0.000000,-16.735640,0.000000
"2017-09-10 10:41:59.195",8.800000,56.025810,0.000000,0.010941,0.087570,-0.852844,0.857398,34.019157,-118.289342,224.372070,0.000000,-19.828575,0.000000
"2017-09-10 10:41:59.294",8.800000,56.025810,0.000000,-0.001984,0.002502,-1.043365,1.043370,34.019157,-118.289342,224.372070,0.000000,-23.686565,0.000000
"2017-09-10 10:41:59.394",8.800000,56.025810,0.000000,0.108826,0.060272,-1.090561,1.097633,34.019157,-118.289342,225.412888,0.000000,-26.888866,0.000000
"2017-09-10 10:41:59.494",8.800000,56.025810,0.000000,-0.020096,0.067795,-0.858231,0.861139,34.019157,-118.289342,225.412888,0.000000,-27.662514,0.000000
"2017-09-10 10:41:59.594",8.800000,56.025810,0.000000,-0.011642,0.046707,-0.902817,0.904099,34.019157,-118.289342,225.412888,0.000000,-28.293442,0.000000
"2017-09-10 10:41:59.695",8.800000,56.025810,0.000000,0.062302,0.018234,-0.968399,0.970572,34.019157,-118.289342,225.412888,0.000000,-27.041407,0.000000
"2017-09-10 10:41:59.794",8.800000,56.025810,0.000000,0.024353,0.005402,-1.047989,1.048286,34.019157,-118.289342,225.412888,0.000000,-25.418140,0.000000
"2017-09-10 10:41:59.897",8.800000,56.025810,0.000000,-0.071915,0.150650,-0.937027,0.951781,34.019157,-118.289342,225.412888,0.000000,-28.175694,0.000000
"2017-09-10 10:41:59.994",8.800000,56.025810,0.000000,0.065628,0.078751,-0.974380,0.979758,34.019157,-118.289342,225.412888,0.000000,-26.422947,0.000000
"2017-09-10 10:42:00.091",8.790000,56.068779,0.000000,1.912949,-0.475067,-1.639648,2.563885,34.019121,-118.289258,226.960739,0.000000,-1.981763,0.000000
"2017-09-10 10:42:00.195",8.790000,56.068779,0.000000,0.494705,-0.322800,0.284317,0.655568,34.019121,-118.289258,225.839569,0.000000,-4.437330,0.000000
"2017-09-10 10:42:00.294",8.790000,56.068779,0.000000,0.522415,-0.367828,-0.556854,0.847527,34.019121,-118.289258,225.839569,0.000000,-8.852915,0.000000
"2017-09-10 10:42:00.396",8.790000,56.068779,0.000000,0.406769,0.578522,-1.301788,1.481486,34.019121,-118.289258,225.839569,0.000000,-2.170490,0.000000
"2017-09-10 10:42:00.495",8.790000,56.068779,0.000000,1.059387,-0.380981,-1.313904,1.730258,34.019121,-118.289258,225.839569,0.000000,-5.002903,0.000000
"2017-09-10 10:42:00.594",8.790000,56.068779,0.000000,-0.471756,0.135483,-1.141632,1.242672,34.019121,-118.289258,225.839569,0.000000,-8.561390,0.000000
"2017-09-10 10:42:00.694",8.790000,56.068779,0.000000,0.351181,-0.064301,-1.022537,1.083072,34.019121,-118.289258,225.839569,0.000000,-12.195228,0.000000
"2017-09-10 10:42:00.794",8.790000,56.068779,0.000000,0.098297,0.182007,-1.228973,1.246260,34.019121,-118.289258,225.839569,0.000000,-15.733020,0.000000
"2017-09-10 10:42:00.895",8.790000,56.068779,0.000000,0.352234,-0.175461,-0.992310,1.067489,34.019121,-118.289258,225.839569,0.000000,-19.838659,0.000000
"2017-09-10 10:42:00.994",8.790000,56.068779,0.000000,-0.100861,0.067886,-0.905533,0.913658,34.019121,-118.289258,226.852142,0.000000,-22.083956,0.000000
"2017-09-10 10:42:01.092",8.790000,56.068779,0.000000,0.156570,-0.011932,-0.953888,0.966726,34.019121,-118.289258,226.852142,0.000000,-23.416651,0.000000
"2017-09-10 10:42:01.194",8.010000,55.228569,0.000000,-0.074432,0.007660,-0.936295,0.939280,34.019100,-118.289154,226.852142,0.000000,-26.005758,0.000000
"2017-09-10 10:42:01.294",8.010000,55.228569,0.000000,0.082718,0.001328,-0.854416,0.858412,34.019100,-118.289154,226.852142,0.000000,-25.401180,0.000000
"2017-09-10 10:42:01.395",8.010000,55.228569,0.000000,-0.002365,0.158676,-0.837708,0.852606,34.019100,-118.289154,227.865402,0.000000,-24.450348,0.000000
"2017-09-10 10:42:01.494",8.010000,55.228569,0.000000,0.144455,-0.024521,-0.912872,0.924556,34.019100,-118.289154,227.865402,0.000000,-24.573359,0.000000
"2017-09-10 10:42:01.594",8.010000,55.228569,0.000000,-0.014954,0.022690,-0.994522,0.994893,34.019100,-118.289154,227.865402,0.000000,-26.009787,0.000000
"2017-09-10 10:42:01.694",8.010000,55.228569,0.000000,0.108856,-0.052231,-1.034058,1.041083,34.019100,-118.289154,227.865402,0.000000,-20.658056,0.000000
"2017-09-10 10:42:01.795",8.010000,55.228569,0.000000,0.045700,0.171310,-1.166229,1.179630,34.019100,-118.289154,228.959763,0.000000,-23.802347,0.000000
"2017-09-10 10:42:01.896",8.010000,55.228569,0.000000,0.114395,0.030518,-1.136948,1.143096,34.019100,-118.289154,228.959763,0.000000,-25.976631,0.000000
"2017-09-10 10:42:01.995",8.010000,55.228569,0.000000,-0.022919,-0.153687,-0.951950,0.964548,34.019100,-118.289154,228.959763,0.000000,-28.351206,0.000000
"2017-09-10 10:42:02.092",7.800000,55.447319,0.000000,-0.047714,-0.062775,-0.889465,0.892953,34.019063,-118.289082,229.992950,0.000000,-30.684748,0.000000
"2017-09-10 10:42:02.195",7.800000,55.447319,0.000000,-0.059677,0.103851,-1.059708,1.066455,34.019063,-118.289082,229.992950,0.000000,-25.055700,0.000000
"2017-09-10 10:42:02.294",7.800000,55.447319,0.000000,0.008163,0.017929,-1.036682,1.036869,34.019063,-118.289082,229.992950,0.000000,-24.742277,0.000000
"2017-09-10 10:42:02.394",7.800000,55.447319,0.000000,-0.133926,0.040237,-1.001312,1.011030,34.019063,-118.289082,231.000687,0.000000,-27.142614,0.000000
"2017-09-10 10:42:02.498",7.800000,55.447319,0.000000,-0.069000,-0.030304,-0.946167,0.949163,34.019063,-118.289082,231.000687,0.000000,-28.500408,0.000000
"2017-09-10 10:42:02.595",7.800000,55.447319,0.000000,-0.051926,0.043030,-1.034332,1.036528,34.019063,-118.289082,231.000687,0.000000,-31.319754,0.000000
"2017-09-10 10:42:02.695",7.800000,55.447319,0.000000,-0.044754,0.091507,-1.032410,1.037423,34.019063,-118.289082,231.000687,0.000000,-29.408321,0.000000
"2017-09-10 10:42:02.795",7.800000,55.447319,0.000000,-0.045227,0.062790,-1.071365,1.074156,34.019063,-118.289082,231.000687,0.000000,-24.829597,0.000000
"2017-09-10 10:42:02.891",7.800000,55.447319,0.000000,-0.072968,0.043457,-1.003265,1.006854,34.019063,-118.289082,231.000687,0.000000,-25.123714,0.000000
"2017-09-10 10:42:02.991",7.800000,55.447319,0.000000,-0.086731,0.033127,-1.001129,1.005425,34.019063,-118.289082,231.000687,0.000000,-25.444828,0.000000
"2017-09-10 10:42:03.091",7.790000,55.537407,0.000000,-0.010391,0.072693,-1.022842,1.025475,34.019026,-118.289010,231.000687,0.000000,-28.004925,0.000000
"2017-09-10 10:42:03.191",7.790000,55.537407,0.000000,-0.024399,0.046982,-1.083923,1.085215,34.019026,-118.289010,231.000687,0.000000,-27.130676,0.000000
"2017-09-10 10:42:03.295",7.790000,55.537407,0.000000,0.002350,0.056900,-0.967331,0.969006,34.019026,-118.289010,231.000687,0.000000,-28.877851,0.000000
"2017-09-10 10:42:03.391",7.790000,55.537407,0.000000,-0.002441,0.066559,-0.954834,0.957154,34.019026,-118.289010,231.000687,0.000000,-28.305048,0.000000
"2017-09-10 10:42:03.494",7.790000,55.537407,0.000000,-0.035278,0.061829,-0.970932,0.973538,34.019026,-118.289010,231.000687,0.000000,-30.495167,0.000000
"2017-09-10 10:42:03.594",7.790000,55.537407,0.000000,-0.041870,0.071167,-1.019180,1.022520,34.019026,-118.289010,231.000687,0.000000,-32.504322,0.000000
"2017-09-10 10:42:03.694",7.790000,55.537407,0.000000,-0.102188,0.066879,-0.998428,1.005870,34.019026,-118.289010,231.000687,0.000000,-34.670589,0.000000
"2017-09-10 10:42:03.795",7.790000,55.537407,0.000000,-0.082306,0.022125,-0.955322,0.959116,34.019026,-118.289010,231.000687,0.000000,-30.289968,0.000000
"2017-09-10 10:42:03.894",7.790000,55.537407,0.000000,-0.110199,0.040848,-0.982483,0.989487,34.019026,-118.289010,231.000687,0.000000,-28.313345,0.000000
"2017-09-10 10:42:03.994",7.790000,55.537407,0.000000,-0.120956,0.062775,-0.968491,0.978031,34.019026,-118.289010,231.000687,0.000000,-27.235865,0.000000
"2017-09-10 10:42:04.093",5.560000,55.360222,0.000000,-0.135559,0.082657,-1.037979,1.050052,34.019002,-118.288974,231.000687,0.000000,-29.436794,0.000000
"2017-09-10 10:42:04.194",5.560000,55.360222,0.000000,-0.060745,0.041855,-1.003265,1.005974,34.019002,-118.288974,231.000687,0.000000,-28.556164,0.000000
"2017-09-10 10:42:04.294",5.560000,55.360222,0.000000,-0.038986,0.019257,-0.955231,0.956220,34.019002,-118.288974,231.000687,0.000000,-29.665911,0.000000
"2017-09-10 10:42:04.395",5.560000,55.360222,0.000000,0.008133,0.029205,-0.970154,0.970627,34.019002,-118.288974,231.000687,0.000000,-26.758745,0.000000
"2017-09-10 10:42:04.494",5.560000,55.360222,0.000000,0.022675,0.056732,-1.038788,1.040583,34.019002,-118.288974,231.000687,0.000000,-27.152332,0.000000
"2017-09-10 10:42:04.594",5.560000,55.360222,0.000000,-0.015244,0.094849,-1.002136,1.006730,34.019002,-118.288974,231.000687,0.000000,-27.407494,0.000000
"2017-09-10 10:42:04.694",5.560000,55.360222,0.000000,-0.053070,0.056183,-1.000626,1.003606,34.019002,-118.288974,231.000687,0.000000,-28.780647,0.000000
"2017-09-10 10:42:04.794",5.560000,55.360222,0.000000,0.001968,0.034027,-0.932266,0.932889,34.019002,-118.288974,231.000687,0.000000,-26.740931,0.000000
"2017-09-10 10:42:04.893",5.560000,55.360222,0.000000,-0.046127,0.081100,-1.035934,1.040127,34.019002,-118.288974,231.000687,0.000000,-29.377867,0.000000
"2017-09-10 10:42:04.994",5.560000,55.360222,0.000000,0.022797,0.081024,-1.026001,1.029448,34.019002,-118.288974,231.000687,0.000000,-32.296143,0.000000
"2017-09-10 10:42:05.093",4.640000,55.126884,0.000000,-0.023605,0.069382,-0.975174,0.977924,34.018976,-118.288932,231.000687,0.000000,-28.387754,0.000000
"2017-09-10 10:42:05.195",4.640000,55.126884,0.000000,-0.025269,0.031693,-1.006561,1.007377,34.018976,-118.288932,231.000687,0.000000,-31.271587,0.000000
"2017-09-10 10:42:05.295",4.640000,55.126884,0.000000,0.029800,0.064575,-1.010712,1.013211,34.018976,-118.288932,231.000687,0.000000,-33.812424,0.000000
"2017-09-10 10:42:05.394",4.640000,55.126884,0.000000,0.008362,0.053177,-1.009735,1.011169,34.018976,-118.288932,231.000687,0.000000,-35.752018,0.000000
"2017-09-10 10:42:05.495",4.640000,55.126884,0.000000,-0.053314,0.019608,-1.030563,1.032128,34.018976,-118.288932,231.000687,0.000000,-38.464737,0.000000
"2017-09-10 10:42:05.594",4.640000,55.126884,0.000000,-0.047623,0.084564,-0.996277,1.000993,34.018976,-118.288932,231.000687,0.000000,-33.116249,0.000000
"2017-09-10 10:42:05.695",4.640000,55.126884,0.000000,-0.054016,0.079529,-1.060287,1.064637,34.018976,-118.288932,231.000687,0.000000,-34.472031,0.000000
"2017-09-10 10:42:05.795",4.640000,55.126884,0.000000,-0.032776,0.074341,-0.961990,0.965415,34.018976,-118.288932,231.000687,0.000000,-29.968126,0.000000
"2017-09-10 10:42:05.895",4.640000,55.126884,0.000000,-0.068161,0.021072,-0.946335,0.949020,34.018976,-118.288932,231.000687,0.000000,-32.160187,0.000000
"2017-09-10 10:42:05.995",4.640000,55.126884,0.000000,-0.105331,0.048645,-1.087433,1.093605,34.018976,-118.288932,232.027527,0.000000,-33.770264,0.000000
"2017-09-10 10:42:06.092",3.580000,55.494987,0.000000,-0.020523,-0.052826,-1.023560,1.025127,34.018946,-118.288907,232.027527,0.000000,-28.428711,0.000000
"2017-09-10 10:42:06.194",3.580000,55.494987,0.000000,-0.087509,0.053253,-0.935349,0.940941,34.018946,-118.288907,232.027527,0.000000,-31.453772,0.000000
"2017-09-10 10:42:06.295",3.580000,55.494987,0.000000,-0.016418,0.106216,-0.983902,0.989755,34.018946,-118.288907,232.027527,0.000000,-30.379427,0.000000
"2017-09-10 10:42:06.395",3.580000,55.494987,0.000000,-0.042160,0.126373,-0.944901,0.954246,34.018946,-118.288907,232.027527,0.000000,-30.797260,0.000000
"2017-09-10 10:42:06.495",3.580000,55.494987,0.000000,-0.098923,0.068405,-1.020035,1.027101,34.018946,-118.288907,233.040329,0.000000,-29.031973,0.000000
"2017-09-10 10:42:06.595",3.580000,55.494987,0.000000,-0.058029,0.012558,-1.022110,1.023833,34.018946,-118.288907,233.040329,0.000000,-31.570723,0.000000
"2017-09-10 10:42:06.695",3.580000,55.494987,0.000000,-0.150574,0.026031,-1.060226,1.071182,34.018946,-118.288907,233.040329,0.000000,-28.507738,0.000000
"2017-09-10 10:42:06.795",3.580000,55.494987,0.000000,-0.082687,0.044144,-1.008759,1.013104,34.018946,-118.288907,233.040329,0.000000,-29.222111,0.000000
"2017-09-10 10:42:06.895",3.580000,55.494987,0.000000,-0.147766,0.049469,-0.969818,0.982257,34.018946,-118.288907,233.040329,0.000000,-27.593649,0.000000
"2017-09-10 10:42:06.995",3.580000,55.494987,0.000000,-0.147232,0.030548,-0.985519,0.996925,34.018946,-118.288907,233.040329,0.000000,-29.343098,0.000000
"2017-09-10 10:42:07.094",3.580000,55.494987,0.000000,-0.090363,0.106812,-1.025986,1.035481,34.018946,-118.288907,233.040329,0.000000,-24.260857,0.000000
"2017-09-10 10:42:07.194",2.270000,55.915825,0.000000,-0.126663,0.102997,-0.992737,1.006071,34.018931,-118.288893,234.089355,0.000000,-25.443474,0.000000
"2017-09-10 10:42:07.295",2.270000,55.915825,0.000000,-0.149124,0.055893,-0.961823,0.974918,34.018931,-118.288893,234.089355,0.000000,-27.780043,0.000000
"2017-09-10 10:42:07.395",2.270000,55.915825,0.000000,-0.094223,0.069977,-1.028687,1.035360,34.018931,-118.288893,234.089355,0.000000,-24.085018,0.000000
"2017-09-10 10:42:07.495",2.270000,55.915825,0.000000,-0.108734,0.125488,-1.046524,1.059615,34.018931,-118.288893,234.089355,0.000000,-27.050400,0.000000
"2017-09-10 10:42:07.596",2.270000,55.915825,0.000000,-0.124969,0.071091,-1.007446,1.017654,34.018931,-118.288893,234.089355,0.000000,-28.715363,0.000000
"2017-09-10 10:42:07.695",2.270000,55.915825,0.000000,0.026245,-0.020996,-0.996902,0.997469,34.018931,-118.288893,234.089355,0.000000,-24.582916,0.000000
"2017-09-10 10:42:07.794",2.270000,55.915825,0.000000,-0.105042,0.073242,-0.977112,0.985467,34.018931,-118.288893,234.089355,0.000000,-24.060768,0.000000
"2017-09-10 10:42:07.894",2.270000,55.915825,0.000000,0.035522,0.071091,-1.006805,1.009937,34.018931,-118.288893,234.089355,0.000000,-25.350718,0.000000
"2017-09-10 10:42:07.996",2.270000,55.915825,0.000000,-0.037231,0.090195,-0.981583,0.986421,34.018931,-118.288893,234.089355,0.000000,-25.484451,0.000000
"2017-09-10 10:42:08.093",2.270000,55.915825,0.000000,0.019012,0.059601,-1.005447,1.007392,34.018931,-118.288893,234.089355,0.000000,-26.892704,0.000000
"2017-09-10 10:42:08.195",0.850000,55.717705,0.000000,-0.044937,0.078201,-1.002884,1.006931,34.018935,-118.288876,234.089355,0.000000,-23.881516,0.000000
"2017-09-10 10:42:08.295",0.850000,55.717705,0.000000,0.002731,0.057693,-1.034958,1.036568,34.018935,-118.288876,234.089355,0.000000,-26.566082,0.000000
"2017-09-10 10:42:08.395",0.850000,55.717705,0.000000,-0.016571,0.098877,-0.991653,0.996708,34.018935,-118.288876,234.089355,0.000000,-25.558508,0.000000
"2017-09-10 10:42:08.495",0.850000,55.717705,0.000000,-0.033066,0.057541,-0.973282,0.975542,34.018935,-118.288876,234.089355,0.000000,-27.465063,0.000000
"2017-09-10 10:42:08.595",0.850000,55.717705,0.000000,0.016022,0.060410,-1.024490,1.026395,34.018935,-118.288876,234.089355,0.000000,-25.849766,0.000000
"2017-09-10 10:42:08.694",0.850000,55.717705,0.000000,0.058456,0.085312,-1.017654,1.022896,34.018935,-118.288876,234.089355,0.000000,-27.205990,0.000000
"2017-09-10 10:42:08.795",0.850000,55.717705,0.000000,0.111130,0.061020,-1.024765,1.032578,34.018935,-118.288876,235.099258,0.000000,-29.091982,0.000000
"2017-09-10 10:42:08.895",0.850000,55.717705,0.000000,0.092773,0.050537,-0.991943,0.997553,34.018935,-118.288876,235.099258,0.000000,-27.833498,0.000000
"2017-09-10 10:42:08.999",0.850000,55.717705,0.000000,0.042130,0.065277,-0.965195,0.968316,34.018935,-118.288876,235.099258,0.000000,-30.522017,0.000000
"2017-09-10 10:42:09.094",0.850000,55.717705,0.000000,0.087219,0.056946,-1.001175,1.006579,34.018935,-118.288876,235.099258,0.000000,-32.603004,0.000000
"2017-09-10 10:42:09.193",0.000000,55.912346,0.000000,0.064346,0.054047,-0.983383,0.986967,34.018935,-118.288876,235.099258,0.000000,-33.601677,0.000000
